Program Version:,EnergyPlus, Version 24.2.0-94a887817b, YMD=2025.10.30 16:30
Tabular Output Report in Format: ,Comma

Building:,Simple Building
Environment:,YEAR ROUND RUN PERIOD ** Chicago Ohare Intl Ap IL USA TMY3 WMO#=725300

----------------------------------------------------------------------------------------------------
REPORT:,Annual Building Utility Performance Summary
FOR:,Entire Facility
Values gathered over      8760.00 hours

Site and Source Energy

,,Total Energy [GJ],Energy Per Total Building Area [MJ/m2],Energy Per Conditioned Building Area [MJ/m2]
,Total Site Energy,0.00,0.00,
,Net Site Energy,0.00,0.00,
,Total Source Energy,0.00,0.00,
,Net Source Energy,0.00,0.00,


Site to Source Energy Conversion Factors

,,Site=>Source Conversion Factor
,Electricity,3.167
,Natural Gas,1.084
,District Cooling,1.056
,District Heating Water,3.613
,District Heating Steam,1.200
,Gasoline,1.050
,Diesel,1.050
,Coal,1.050
,Fuel Oil No 1,1.050
,Fuel Oil No 2,1.050
,Propane,1.050
,Other Fuel 1,1.000
,Other Fuel 2,1.000


Building Area

,,Area [m2]
,Total Building Area,4500.00
,Net Conditioned Building Area,0.00
,Unconditioned Building Area,4500.00


End Uses

,,Electricity [GJ],Natural Gas [GJ],Gasoline [GJ],Diesel [GJ],Coal [GJ],Fuel Oil No 1 [GJ],Fuel Oil No 2 [GJ],Propane [GJ],Other Fuel 1 [GJ],Other Fuel 2 [GJ],District Cooling [GJ],District Heating Water [GJ],District Heating Steam [GJ],Water [m3]
,Heating,0.00,0.00,0.00,0.00,0.00,0.00,0.00,0.00,0.00,0.00,0.00,0.00,0.00,0.00
,Cooling,0.00,0.00,0.00,0.00,0.00,0.00,0.00,0.00,0.00,0.00,0.00,0.00,0.00,0.00
,Interior Lighting,0.00,0.00,0.00,0.00,0.00,0.00,0.00,0.00,0.00,0.00,0.00,0.00,0.00,0.00
,Exterior Lighting,0.00,0.00,0.00,0.00,0.00,0.00,0.00,0.00,0.00,0.00,0.00,0.00,0.00,0.00
,Interior Equipment,0.00,0.00,0.00,0.00,0.00,0.00,0.00,0.00,0.00,0.00,0.00,0.00,0.00,0.00
,Exterior Equipment,0.00,0.00,0.00,0.00,0.00,0.00,0.00,0.00,0.00,0.00,0.00,0.00,0.00,0.00
,Fans,0.00,0.00,0.00,0.00,0.00,0.00,0.00,0.00,0.00,0.00,0.00,0.00,0.00,0.00
,Pumps,0.00,0.00,0.00,0.00,0.00,0.00,0.00,0.00,0.00,0.00,0.00,0.00,0.00,0.00
,Heat Rejection,0.00,0.00,0.00,0.00,0.00,0.00,0.00,0.00,0.00,0.00,0.00,0.00,0.00,0.00
,Humidification,0.00,0.00,0.00,0.00,0.00,0.00,0.00,0.00,0.00,0.00,0.00,0.00,0.00,0.00
,Heat Recovery,0.00,0.00,0.00,0.00,0.00,0.00,0.00,0.00,0.00,0.00,0.00,0.00,0.00,0.00
,Water Systems,0.00,0.00,0.00,0.00,0.00,0.00,0.00,0.00,0.00,0.00,0.00,0.00,0.00,0.00
,Refrigeration,0.00,0.00,0.00,0.00,0.00,0.00,0.00,0.00,0.00,0.00,0.00,0.00,0.00,0.00
,Generators,0.00,0.00,0.00,0.00,0.00,0.00,0.00,0.00,0.00,0.00,0.00,0.00,0.00,0.00
,,,,,,,,,,,,,,,
,Total End Uses,0.00,0.00,0.00,0.00,0.00,0.00,0.00,0.00,0.00,0.00,0.00,0.00,0.00,0.00


End Uses By Subcategory

,,Subcategory,Electricity [GJ],Natural Gas [GJ],Gasoline [GJ],Diesel [GJ],Coal [GJ],Fuel Oil No 1 [GJ],Fuel Oil No 2 [GJ],Propane [GJ],Other Fuel 1 [GJ],Other Fuel 2 [GJ],District Cooling [GJ],District Heating Water [GJ],District Heating Steam [GJ],Water [m3]
,Heating,General,0.00,0.00,0.00,0.00,0.00,0.00,0.00,0.00,0.00,0.00,0.00,0.00,0.00,0.00
,Cooling,General,0.00,0.00,0.00,0.00,0.00,0.00,0.00,0.00,0.00,0.00,0.00,0.00,0.00,0.00
,Interior Lighting,GeneralLights,0.00,0.00,0.00,0.00,0.00,0.00,0.00,0.00,0.00,0.00,0.00,0.00,0.00,0.00
,Exterior Lighting,General,0.00,0.00,0.00,0.00,0.00,0.00,0.00,0.00,0.00,0.00,0.00,0.00,0.00,0.00
,Interior Equipment,General,0.00,0.00,0.00,0.00,0.00,0.00,0.00,0.00,0.00,0.00,0.00,0.00,0.00,0.00
,Exterior Equipment,General,0.00,0.00,0.00,0.00,0.00,0.00,0.00,0.00,0.00,0.00,0.00,0.00,0.00,0.00
,Fans,General,0.00,0.00,0.00,0.00,0.00,0.00,0.00,0.00,0.00,0.00,0.00,0.00,0.00,0.00
,Pumps,General,0.00,0.00,0.00,0.00,0.00,0.00,0.00,0.00,0.00,0.00,0.00,0.00,0.00,0.00
,Heat Rejection,General,0.00,0.00,0.00,0.00,0.00,0.00,0.00,0.00,0.00,0.00,0.00,0.00,0.00,0.00
,Humidification,General,0.00,0.00,0.00,0.00,0.00,0.00,0.00,0.00,0.00,0.00,0.00,0.00,0.00,0.00
,Heat Recovery,General,0.00,0.00,0.00,0.00,0.00,0.00,0.00,0.00,0.00,0.00,0.00,0.00,0.00,0.00
,Water Systems,General,0.00,0.00,0.00,0.00,0.00,0.00,0.00,0.00,0.00,0.00,0.00,0.00,0.00,0.00
,Refrigeration,General,0.00,0.00,0.00,0.00,0.00,0.00,0.00,0.00,0.00,0.00,0.00,0.00,0.00,0.00
,Generators,General,0.00,0.00,0.00,0.00,0.00,0.00,0.00,0.00,0.00,0.00,0.00,0.00,0.00,0.00


End Uses By Space Type

,,Space Type,Electricity [GJ],Natural Gas [GJ],Gasoline [GJ],Diesel [GJ],Coal [GJ],Fuel Oil No 1 [GJ],Fuel Oil No 2 [GJ],Propane [GJ],Other Fuel 1 [GJ],Other Fuel 2 [GJ],District Cooling [GJ],District Heating Water [GJ],District Heating Steam [GJ],Water [m3]
,Heating,Unassigned,0.00,0.00,0.00,0.00,0.00,0.00,0.00,0.00,0.00,0.00,0.00,0.00,0.00,0.00
,Cooling,Unassigned,0.00,0.00,0.00,0.00,0.00,0.00,0.00,0.00,0.00,0.00,0.00,0.00,0.00,0.00
,Interior Lighting,GENERAL,0.00,0.00,0.00,0.00,0.00,0.00,0.00,0.00,0.00,0.00,0.00,0.00,0.00,0.00
,Exterior Lighting,Unassigned,0.00,0.00,0.00,0.00,0.00,0.00,0.00,0.00,0.00,0.00,0.00,0.00,0.00,0.00
,Interior Equipment,GENERAL,0.00,0.00,0.00,0.00,0.00,0.00,0.00,0.00,0.00,0.00,0.00,0.00,0.00,0.00
,Exterior Equipment,Unassigned,0.00,0.00,0.00,0.00,0.00,0.00,0.00,0.00,0.00,0.00,0.00,0.00,0.00,0.00
,Fans,Unassigned,0.00,0.00,0.00,0.00,0.00,0.00,0.00,0.00,0.00,0.00,0.00,0.00,0.00,0.00
,Pumps,Unassigned,0.00,0.00,0.00,0.00,0.00,0.00,0.00,0.00,0.00,0.00,0.00,0.00,0.00,0.00
,Heat Rejection,Unassigned,0.00,0.00,0.00,0.00,0.00,0.00,0.00,0.00,0.00,0.00,0.00,0.00,0.00,0.00
,Humidification,Unassigned,0.00,0.00,0.00,0.00,0.00,0.00,0.00,0.00,0.00,0.00,0.00,0.00,0.00,0.00
,Heat Recovery,Unassigned,0.00,0.00,0.00,0.00,0.00,0.00,0.00,0.00,0.00,0.00,0.00,0.00,0.00,0.00
,Water Systems,Unassigned,0.00,0.00,0.00,0.00,0.00,0.00,0.00,0.00,0.00,0.00,0.00,0.00,0.00,0.00
,Refrigeration,Unassigned,0.00,0.00,0.00,0.00,0.00,0.00,0.00,0.00,0.00,0.00,0.00,0.00,0.00,0.00
,Generators,Unassigned,0.00,0.00,0.00,0.00,0.00,0.00,0.00,0.00,0.00,0.00,0.00,0.00,0.00,0.00


Normalized Metrics
Utility Use Per Conditioned Floor Area

,,Electricity Intensity [MJ/m2],Natural Gas Intensity [MJ/m2],Gasoline Intensity [MJ/m2],Diesel Intensity [MJ/m2],Coal Intensity [MJ/m2],Fuel Oil No 1 Intensity [MJ/m2],Fuel Oil No 2 Intensity [MJ/m2],Propane Intensity [MJ/m2],Other Fuel 1 Intensity [MJ/m2],Other Fuel 2 Intensity [MJ/m2],District Cooling Intensity [MJ/m2],District Heating Water Intensity [MJ/m2],District Heating Steam Intensity [MJ/m2],Water Intensity [m3/m2]
,Lighting,,,,,,,,,,,,,,
,HVAC,,,,,,,,,,,,,,
,Other,,,,,,,,,,,,,,
,Total,,,,,,,,,,,,,,


Utility Use Per Total Floor Area

,,Electricity Intensity [MJ/m2],Natural Gas Intensity [MJ/m2],Gasoline Intensity [MJ/m2],Diesel Intensity [MJ/m2],Coal Intensity [MJ/m2],Fuel Oil No 1 Intensity [MJ/m2],Fuel Oil No 2 Intensity [MJ/m2],Propane Intensity [MJ/m2],Other Fuel 1 Intensity [MJ/m2],Other Fuel 2 Intensity [MJ/m2],District Cooling Intensity [MJ/m2],District Heating Water Intensity [MJ/m2],District Heating Steam Intensity [MJ/m2],Water Intensity [m3/m2]
,Lighting,0.00,0.00,0.00,0.00,0.00,0.00,0.00,0.00,0.00,0.00,0.00,0.00,0.00,
,HVAC,0.00,0.00,0.00,0.00,0.00,0.00,0.00,0.00,0.00,0.00,0.00,0.00,0.00,
,Other,0.00,0.00,0.00,0.00,0.00,0.00,0.00,0.00,0.00,0.00,0.00,0.00,0.00,
,Total,0.00,0.00,0.00,0.00,0.00,0.00,0.00,0.00,0.00,0.00,0.00,0.00,0.00,


Electric Loads Satisfied

,,Electricity [GJ],Percent Electricity [%]
,Fuel-Fired Power Generation,0.000,
,High Temperature Geothermal*,0.000,
,Photovoltaic Power,0.000,
,Wind Power,0.000,
,Power Conversion,0.000,
,Net Decrease in On-Site Storage,0.000,
,Total On-Site Electric Sources,0.000,
,,,
,Electricity Coming From Utility,0.000,
,Surplus Electricity Going To Utility,0.000,
,Net Electricity From Utility,0.000,
,,,
,Total On-Site and Utility Electric Sources,0.000,
,Total Electricity End Uses,0.000,


On-Site Thermal Sources

,,Heat [GJ],Percent Heat [%]
,Water-Side Heat Recovery,0.00,
,Air to Air Heat Recovery for Cooling,0.00,
,Air to Air Heat Recovery for Heating,0.00,
,High-Temperature Geothermal*,0.00,
,Solar Water Thermal,0.00,
,Solar Air Thermal,0.00,
,Total On-Site Thermal Sources,0.00,


Water Source Summary

,,Water [m3],Percent Water [%]
,Rainwater Collection,0.00,-
,Condensate Collection,0.00,-
,Groundwater Well,0.00,-
,Total On Site Water Sources,0.00,-
,-,-,-
,Initial Storage,0.00,-
,Final Storage,0.00,-
,Change in Storage,0.00,-
,-,-,-
,Water Supplied by Utility,0.00,-
,-,-,-
,Total On Site, Change in Storage, and Utility Water Sources,0.00,-
,Total Water End Uses,0.00,-


Setpoint Not Met Criteria

,,Degrees [deltaC]
,Tolerance for Zone Heating Setpoint Not Met Time,0.20
,Tolerance for Zone Cooling Setpoint Not Met Time,0.20


Comfort and Setpoint Not Met Summary

,,Facility [Hours]
,Time Setpoint Not Met During Occupied Heating,0.00
,Time Setpoint Not Met During Occupied Cooling,0.00
,Time Not Comfortable Based on Simple ASHRAE 55-2004,4140.00


Note 1: An asterisk (*) indicates that the feature is not yet implemented.
----------------------------------------------------------------------------------------------------
REPORT:,Input Verification and Results Summary
FOR:,Entire Facility
General

,,Value
,Program Version and Build,EnergyPlus, Version 24.2.0-94a887817b, YMD=2025.10.30 16:30
,RunPeriod,YEAR ROUND RUN PERIOD
,Weather File,Chicago Ohare Intl Ap IL USA TMY3 WMO#=725300
,Latitude [deg],41.98
,Longitude [deg],-87.9
,Elevation [m],201.00
,Time Zone,-6.0
,North Axis Angle [deg],0.00
,Rotation for Appendix G [deg],0.00
,Hours Simulated [hrs],8760.00


ENVELOPE
Window-Wall Ratio

,,Total,North (315 to 45 deg),East (45 to 135 deg),South (135 to 225 deg),West (225 to 315 deg)
,Gross Wall Area [m2],1429.13,435.71,557.71,435.71,0.00
,Above Ground Wall Area [m2],1429.13,435.71,557.71,435.71,0.00
,Window Opening Area [m2],857.48,261.43,334.63,261.43,0.00
,Gross Window-Wall Ratio [%],60.00,60.00,60.00,60.00,0.00
,Above Ground Window-Wall Ratio [%],60.00,60.00,60.00,60.00,0.00


Conditioned Window-Wall Ratio

,,Total,North (315 to 45 deg),East (45 to 135 deg),South (135 to 225 deg),West (225 to 315 deg)
,Gross Wall Area [m2],0.00,0.00,0.00,0.00,0.00
,Above Ground Wall Area [m2],0.00,0.00,0.00,0.00,0.00
,Window Opening Area [m2],0.00,0.00,0.00,0.00,0.00
,Gross Window-Wall Ratio [%],0.00,0.00,0.00,0.00,0.00
,Above Ground Window-Wall Ratio [%],0.00,0.00,0.00,0.00,0.00


Skylight-Roof Ratio

,,Total
,Gross Roof Area [m2],4500.00
,Skylight Area [m2],0.00
,Skylight-Roof Ratio [%],0.00


PERFORMANCE
Zone Summary

,,Area [m2],Conditioned (Y/N),Part of Total Floor Area (Y/N),Volume [m3],Multipliers,Above Ground Gross Wall Area [m2],Underground Gross Wall Area [m2],Window Glass Area [m2],Opening Area [m2],Lighting [W/m2],People [m2 per person],Plug and Process [W/m2]
,BUILDING_ZONE_1,1500.00,No,Yes,1350.00,1.00,476.38,0.00,285.83,285.83,0.0000,42.86,0.0000
,BUILDING_ZONE_2,1500.00,No,Yes,1350.00,1.00,476.38,0.00,285.83,285.83,0.0000,42.86,0.0000
,BUILDING_ZONE_3,1500.00,No,Yes,1350.00,1.00,476.38,0.00,285.83,285.83,0.0000,42.86,0.0000
,Total,4500.00,,,4050.00,,1429.13,0.00,857.48,857.48,0.0000,42.86,0.0000
,Conditioned Total,0.00,,,0.00,,0.00,0.00,0.00,0.00,,,
,Unconditioned Total,4500.00,,,4050.00,,1429.13,0.00,857.48,857.48,0.0000,42.86,0.0000
,Not Part of Total,0.00,,,0.00,,0.00,0.00,0.00,0.00,,,


Space Summary

,,Area [m2],Conditioned (Y/N),Part of Total Floor Area (Y/N),Multipliers,Zone Name,Space Type,Radiant/Solar Enclosure Name,Lighting [W/m2],People [m2 per person],Plug and Process [W/m2],Tags
,BUILDING_ZONE_1,1500.00,No,Yes,1.00,BUILDING_ZONE_1,GENERAL,BUILDING_ZONE_1,0.0000,42.86,0.0000,
,BUILDING_ZONE_2,1500.00,No,Yes,1.00,BUILDING_ZONE_2,GENERAL,BUILDING_ZONE_2,0.0000,42.86,0.0000,
,BUILDING_ZONE_3,1500.00,No,Yes,1.00,BUILDING_ZONE_3,GENERAL,BUILDING_ZONE_3,0.0000,42.86,0.0000,
,Total,4500.00,,,,,,,0.0000,42.86,0.0000,
,Conditioned Total,0.00,,,,,,,0.0000,0.00,0.0000,
,Unconditioned Total,4500.00,,,,,,,0.0000,42.86,0.0000,
,Not Part of Total,0.00,,,,,,,0.0000,0.00,0.0000,


Space Type Summary

,,Total Area [m2],Conditioned Area [m2],Unconditioned Area [m2],Not Part of Total Area [m2],Lighting [W/m2],People [m2 per person],Plug and Process [W/m2]
,GENERAL,4500.00,0.00,4500.00,0.00,0.0000,42.86,0.0000
,Total,4500.00,0.00,4500.00,0.00,,,


----------------------------------------------------------------------------------------------------
REPORT:,Demand End Use Components Summary
FOR:,Entire Facility
End Uses

,,Electricity [W],Natural Gas [W],Gasoline [W],Diesel [W],Coal [W],Fuel Oil No 1 [W],Fuel Oil No 2 [W],Propane [W],Other Fuel 1 [W],Other Fuel 2 [W],District Cooling [W],District Heating Water [W],District Heating Steam [W],Water [m3/s]
,Time of Peak,-,-,-,-,-,-,-,-,-,-,-,-,-,-
,Heating,0.00,0.00,0.00,0.00,0.00,0.00,0.00,0.00,0.00,0.00,0.00,0.00,0.00,0.00
,Cooling,0.00,0.00,0.00,0.00,0.00,0.00,0.00,0.00,0.00,0.00,0.00,0.00,0.00,0.00
,Interior Lighting,0.00,0.00,0.00,0.00,0.00,0.00,0.00,0.00,0.00,0.00,0.00,0.00,0.00,0.00
,Exterior Lighting,0.00,0.00,0.00,0.00,0.00,0.00,0.00,0.00,0.00,0.00,0.00,0.00,0.00,0.00
,Interior Equipment,0.00,0.00,0.00,0.00,0.00,0.00,0.00,0.00,0.00,0.00,0.00,0.00,0.00,0.00
,Exterior Equipment,0.00,0.00,0.00,0.00,0.00,0.00,0.00,0.00,0.00,0.00,0.00,0.00,0.00,0.00
,Fans,0.00,0.00,0.00,0.00,0.00,0.00,0.00,0.00,0.00,0.00,0.00,0.00,0.00,0.00
,Pumps,0.00,0.00,0.00,0.00,0.00,0.00,0.00,0.00,0.00,0.00,0.00,0.00,0.00,0.00
,Heat Rejection,0.00,0.00,0.00,0.00,0.00,0.00,0.00,0.00,0.00,0.00,0.00,0.00,0.00,0.00
,Humidification,0.00,0.00,0.00,0.00,0.00,0.00,0.00,0.00,0.00,0.00,0.00,0.00,0.00,0.00
,Heat Recovery,0.00,0.00,0.00,0.00,0.00,0.00,0.00,0.00,0.00,0.00,0.00,0.00,0.00,0.00
,Water Systems,0.00,0.00,0.00,0.00,0.00,0.00,0.00,0.00,0.00,0.00,0.00,0.00,0.00,0.00
,Refrigeration,0.00,0.00,0.00,0.00,0.00,0.00,0.00,0.00,0.00,0.00,0.00,0.00,0.00,0.00
,Generators,0.00,0.00,0.00,0.00,0.00,0.00,0.00,0.00,0.00,0.00,0.00,0.00,0.00,0.00
,,,,,,,,,,,,,,,
,Total End Uses,0.00,0.00,0.00,0.00,0.00,0.00,0.00,0.00,0.00,0.00,0.00,0.00,0.00,0.00


End Uses By Subcategory

,,Subcategory,Electricity [W],Natural Gas [W],Gasoline [W],Diesel [W],Coal [W],Fuel Oil No 1 [W],Fuel Oil No 2 [W],Propane [W],Other Fuel 1 [W],Other Fuel 2 [W],District Cooling [W],District Heating Water [W],District Heating Steam [W],Water [m3/s]
,Heating,General,0.00,0.00,0.00,0.00,0.00,0.00,0.00,0.00,0.00,0.00,0.00,0.00,0.00,0.00
,Cooling,General,0.00,0.00,0.00,0.00,0.00,0.00,0.00,0.00,0.00,0.00,0.00,0.00,0.00,0.00
,Interior Lighting,GeneralLights,0.00,0.00,0.00,0.00,0.00,0.00,0.00,0.00,0.00,0.00,0.00,0.00,0.00,0.00
,Exterior Lighting,General,0.00,0.00,0.00,0.00,0.00,0.00,0.00,0.00,0.00,0.00,0.00,0.00,0.00,0.00
,Interior Equipment,General,0.00,0.00,0.00,0.00,0.00,0.00,0.00,0.00,0.00,0.00,0.00,0.00,0.00,0.00
,Exterior Equipment,General,0.00,0.00,0.00,0.00,0.00,0.00,0.00,0.00,0.00,0.00,0.00,0.00,0.00,0.00
,Fans,General,0.00,0.00,0.00,0.00,0.00,0.00,0.00,0.00,0.00,0.00,0.00,0.00,0.00,0.00
,Pumps,General,0.00,0.00,0.00,0.00,0.00,0.00,0.00,0.00,0.00,0.00,0.00,0.00,0.00,0.00
,Heat Rejection,General,0.00,0.00,0.00,0.00,0.00,0.00,0.00,0.00,0.00,0.00,0.00,0.00,0.00,0.00
,Humidification,General,0.00,0.00,0.00,0.00,0.00,0.00,0.00,0.00,0.00,0.00,0.00,0.00,0.00,0.00
,Heat Recovery,General,0.00,0.00,0.00,0.00,0.00,0.00,0.00,0.00,0.00,0.00,0.00,0.00,0.00,0.00
,Water Systems,General,0.00,0.00,0.00,0.00,0.00,0.00,0.00,0.00,0.00,0.00,0.00,0.00,0.00,0.00
,Refrigeration,General,0.00,0.00,0.00,0.00,0.00,0.00,0.00,0.00,0.00,0.00,0.00,0.00,0.00,0.00
,Generators,General,0.00,0.00,0.00,0.00,0.00,0.00,0.00,0.00,0.00,0.00,0.00,0.00,0.00,0.00


----------------------------------------------------------------------------------------------------
REPORT:,Source Energy End Use Components Summary
FOR:,Entire Facility
Values gathered over      8760.00 hours

Source Energy End Use Components Summary

,,Source Electricity [GJ],Source Natural Gas [GJ],Source Gasoline [GJ],Source Diesel [GJ],Source Coal [GJ],Source Fuel Oil No 1 [GJ],Source Fuel Oil No 2 [GJ],Source Propane [GJ],Source Other Fuel 1 [GJ],Source Other Fuel 2 [GJ],Source District Cooling [GJ],Source District Heating Water [GJ],Source District Heating Steam [GJ]
,Heating,0.00,0.00,0.00,0.00,0.00,0.00,0.00,0.00,0.00,0.00,0.00,0.00,0.00
,Cooling,0.00,0.00,0.00,0.00,0.00,0.00,0.00,0.00,0.00,0.00,0.00,0.00,0.00
,Interior Lighting,0.00,0.00,0.00,0.00,0.00,0.00,0.00,0.00,0.00,0.00,0.00,0.00,0.00
,Exterior Lighting,0.00,0.00,0.00,0.00,0.00,0.00,0.00,0.00,0.00,0.00,0.00,0.00,0.00
,Interior Equipment,0.00,0.00,0.00,0.00,0.00,0.00,0.00,0.00,0.00,0.00,0.00,0.00,0.00
,Exterior Equipment,0.00,0.00,0.00,0.00,0.00,0.00,0.00,0.00,0.00,0.00,0.00,0.00,0.00
,Fans,0.00,0.00,0.00,0.00,0.00,0.00,0.00,0.00,0.00,0.00,0.00,0.00,0.00
,Pumps,0.00,0.00,0.00,0.00,0.00,0.00,0.00,0.00,0.00,0.00,0.00,0.00,0.00
,Heat Rejection,0.00,0.00,0.00,0.00,0.00,0.00,0.00,0.00,0.00,0.00,0.00,0.00,0.00
,Humidification,0.00,0.00,0.00,0.00,0.00,0.00,0.00,0.00,0.00,0.00,0.00,0.00,0.00
,Heat Recovery,0.00,0.00,0.00,0.00,0.00,0.00,0.00,0.00,0.00,0.00,0.00,0.00,0.00
,Water Systems,0.00,0.00,0.00,0.00,0.00,0.00,0.00,0.00,0.00,0.00,0.00,0.00,0.00
,Refrigeration,0.00,0.00,0.00,0.00,0.00,0.00,0.00,0.00,0.00,0.00,0.00,0.00,0.00
,Generators,0.00,0.00,0.00,0.00,0.00,0.00,0.00,0.00,0.00,0.00,0.00,0.00,0.00
,,,,,,,,,,,,,,
,Total Source Energy End Use Components,0.00,0.00,0.00,0.00,0.00,0.00,0.00,0.00,0.00,0.00,0.00,0.00,0.00


Normalized Metrics
Source Energy End Use Components Per Conditioned Floor Area

,,Source Electricity [MJ/m2],Source Natural Gas [MJ/m2],Source Gasoline [MJ/m2],Source Diesel [MJ/m2],Source Coal [MJ/m2],Source Fuel Oil No 1 [MJ/m2],Source Fuel Oil No 2 [MJ/m2],Source Propane [MJ/m2],Source Other Fuel 1 [MJ/m2],Source Other Fuel 2 [MJ/m2],Source District Cooling [MJ/m2],Source District Heating Water [MJ/m2],Source District Heating Steam [MJ/m2]
,Heating,,,,,,,,,,,,,
,Cooling,,,,,,,,,,,,,
,Interior Lighting,,,,,,,,,,,,,
,Exterior Lighting,,,,,,,,,,,,,
,Interior Equipment,,,,,,,,,,,,,
,Exterior Equipment,,,,,,,,,,,,,
,Fans,,,,,,,,,,,,,
,Pumps,,,,,,,,,,,,,
,Heat Rejection,,,,,,,,,,,,,
,Humidification,,,,,,,,,,,,,
,Heat Recovery,,,,,,,,,,,,,
,Water Systems,,,,,,,,,,,,,
,Refrigeration,,,,,,,,,,,,,
,Generators,,,,,,,,,,,,,
,,,,,,,,,,,,,,
,Total Source Energy End Use Components,,,,,,,,,,,,,


Source Energy End Use Components Per Total Floor Area

,,Source Electricity [MJ/m2],Source Natural Gas [MJ/m2],Source Gasoline [MJ/m2],Source Diesel [MJ/m2],Source Coal [MJ/m2],Source Fuel Oil No 1 [MJ/m2],Source Fuel Oil No 2 [MJ/m2],Source Propane [MJ/m2],Source Other Fuel 1 [MJ/m2],Source Other Fuel 2 [MJ/m2],Source District Cooling [MJ/m2],Source District Heating Water [MJ/m2],Source District Heating Steam [MJ/m2]
,Heating,0.00,0.00,0.00,0.00,0.00,0.00,0.00,0.00,0.00,0.00,0.00,0.00,0.00
,Cooling,0.00,0.00,0.00,0.00,0.00,0.00,0.00,0.00,0.00,0.00,0.00,0.00,0.00
,Interior Lighting,0.00,0.00,0.00,0.00,0.00,0.00,0.00,0.00,0.00,0.00,0.00,0.00,0.00
,Exterior Lighting,0.00,0.00,0.00,0.00,0.00,0.00,0.00,0.00,0.00,0.00,0.00,0.00,0.00
,Interior Equipment,0.00,0.00,0.00,0.00,0.00,0.00,0.00,0.00,0.00,0.00,0.00,0.00,0.00
,Exterior Equipment,0.00,0.00,0.00,0.00,0.00,0.00,0.00,0.00,0.00,0.00,0.00,0.00,0.00
,Fans,0.00,0.00,0.00,0.00,0.00,0.00,0.00,0.00,0.00,0.00,0.00,0.00,0.00
,Pumps,0.00,0.00,0.00,0.00,0.00,0.00,0.00,0.00,0.00,0.00,0.00,0.00,0.00
,Heat Rejection,0.00,0.00,0.00,0.00,0.00,0.00,0.00,0.00,0.00,0.00,0.00,0.00,0.00
,Humidification,0.00,0.00,0.00,0.00,0.00,0.00,0.00,0.00,0.00,0.00,0.00,0.00,0.00
,Heat Recovery,0.00,0.00,0.00,0.00,0.00,0.00,0.00,0.00,0.00,0.00,0.00,0.00,0.00
,Water Systems,0.00,0.00,0.00,0.00,0.00,0.00,0.00,0.00,0.00,0.00,0.00,0.00,0.00
,Refrigeration,0.00,0.00,0.00,0.00,0.00,0.00,0.00,0.00,0.00,0.00,0.00,0.00,0.00
,Generators,0.00,0.00,0.00,0.00,0.00,0.00,0.00,0.00,0.00,0.00,0.00,0.00,0.00
,,,,,,,,,,,,,,
,Total Source Energy End Use Components,0.00,0.00,0.00,0.00,0.00,0.00,0.00,0.00,0.00,0.00,0.00,0.00,0.00


----------------------------------------------------------------------------------------------------
REPORT:,Component Sizing Summary
FOR:,Entire Facility
----------------------------------------------------------------------------------------------------
REPORT:,Surface Shadowing Summary
FOR:,Entire Facility
Surfaces (Walls, Roofs, etc) that may be Shadowed by Other Surfaces

,,Possible Shadow Receivers
,BUILDING_ZONE_1_WALL_NORTH,BUILDING_ZONE_2_FLOOR | BUILDING_ZONE_3_FLOOR |
,BUILDING_ZONE_1_WALL_SOUTH,BUILDING_ZONE_2_FLOOR | BUILDING_ZONE_3_FLOOR |
,BUILDING_ZONE_1_CEILING,BUILDING_ZONE_2_WALL_NORTH | BUILDING_ZONE_2_WALL_SOUTH | BUILDING_ZONE_2_FLOOR | BUILDING_ZONE_3_WALL_NORTH | BUILDING_ZONE_3_WALL_SOUTH | BUILDING_ZONE_3_FLOOR |
,BUILDING_ZONE_2_WALL_NORTH,BUILDING_ZONE_3_FLOOR |
,BUILDING_ZONE_2_WALL_SOUTH,BUILDING_ZONE_3_FLOOR |
,BUILDING_ZONE_2_CEILING,BUILDING_ZONE_3_WALL_NORTH | BUILDING_ZONE_3_WALL_SOUTH | BUILDING_ZONE_3_FLOOR |


Subsurfaces (Windows and Doors) that may be Shadowed by Surfaces

,,Possible Shadow Receivers
,BUILDING_ZONE_1_WALL_NORTH,BUILDING_ZONE_1_WINDOW_NORTH |
,BUILDING_ZONE_1_WALL_SOUTH,BUILDING_ZONE_1_WINDOW_SOUTH |
,BUILDING_ZONE_1_WALL_EAST,BUILDING_ZONE_1_WINDOW_EAST |
,BUILDING_ZONE_1_WALL_WEST,BUILDING_ZONE_1_WINDOW_WEST |
,BUILDING_ZONE_2_WALL_NORTH,BUILDING_ZONE_2_WINDOW_NORTH |
,BUILDING_ZONE_2_WALL_SOUTH,BUILDING_ZONE_2_WINDOW_SOUTH |
,BUILDING_ZONE_2_WALL_EAST,BUILDING_ZONE_2_WINDOW_EAST |
,BUILDING_ZONE_2_WALL_WEST,BUILDING_ZONE_2_WINDOW_WEST |
,BUILDING_ZONE_3_WALL_NORTH,BUILDING_ZONE_3_WINDOW_NORTH |
,BUILDING_ZONE_3_WALL_SOUTH,BUILDING_ZONE_3_WINDOW_SOUTH |
,BUILDING_ZONE_3_WALL_EAST,BUILDING_ZONE_3_WINDOW_EAST |
,BUILDING_ZONE_3_WALL_WEST,BUILDING_ZONE_3_WINDOW_WEST |


----------------------------------------------------------------------------------------------------
REPORT:,Adaptive Comfort Summary
FOR:,Entire Facility
Time Not Meeting the Adaptive Comfort Models during Occupied Hours

,,ASHRAE55 90% Acceptability Limits [Hours],ASHRAE55 80% Acceptability Limits  [Hours],CEN15251 Category I Acceptability Limits [Hours],CEN15251 Category II Acceptability Limits [Hours],CEN15251 Category III Acceptability Limits [Hours]


----------------------------------------------------------------------------------------------------
REPORT:,Initialization Summary
FOR:,Entire Facility
Version

,,Version ID
,1,25.1


Timesteps per Hour

,,#TimeSteps,Minutes per TimeStep {minutes}
,1,4,15


System Convergence Limits

,,Minimum System TimeStep {minutes},Max HVAC Iterations,Minimum Plant Iterations,Maximum Plant Iterations
,1,1,20,2,8


Simulation Control

,,Do Zone Sizing,Do System Sizing,Do Plant Sizing,Do Design Days,Do Weather Simulation,Do HVAC Sizing Simulation
,1,No,No,No,No,Yes,No


Performance Precision Tradeoffs

,,Use Coil Direct Simulation,Zone Radiant Exchange Algorithm,Override Mode,Number of Timestep In Hour,Force Euler Method,Minimum Number of Warmup Days,Force Suppress All Begin Environment Resets,Minimum System Timestep,MaxZoneTempDiff,MaxAllowedDelTemp
,1,No,ScriptF,Normal,4,No,1,No,1.0,0.300,2.0000E-003


Output Reporting Tolerances

,,Tolerance for Time Heating Setpoint Not Met,Tolerance for Zone Cooling Setpoint Not Met Time
,1,0.200,0.200


Site:GroundTemperature:BuildingSurface

,,Jan{C},Feb{C},Mar{C},Apr{C},May{C},Jun{C},Jul{C},Aug{C},Sep{C},Oct{C},Nov{C},Dec{C}
,1,20.00,20.00,20.00,20.00,20.00,20.00,20.00,20.00,20.00,20.00,20.00,20.00


Site:GroundTemperature:FCfactorMethod

,,Jan{C},Feb{C},Mar{C},Apr{C},May{C},Jun{C},Jul{C},Aug{C},Sep{C},Oct{C},Nov{C},Dec{C}
,1,-1.89,-3.06,-0.99,2.23,10.68,17.20,21.60,22.94,20.66,15.60,8.83,2.56


Site:GroundTemperature:Shallow

,,Jan{C},Feb{C},Mar{C},Apr{C},May{C},Jun{C},Jul{C},Aug{C},Sep{C},Oct{C},Nov{C},Dec{C}
,1,13.00,13.00,13.00,13.00,13.00,13.00,13.00,13.00,13.00,13.00,13.00,13.00


Site:GroundTemperature:Deep

,,Jan{C},Feb{C},Mar{C},Apr{C},May{C},Jun{C},Jul{C},Aug{C},Sep{C},Oct{C},Nov{C},Dec{C}
,1,16.00,16.00,16.00,16.00,16.00,16.00,16.00,16.00,16.00,16.00,16.00,16.00


Site:GroundReflectance

,,Jan{dimensionless},Feb{dimensionless},Mar{dimensionless},Apr{dimensionless},May{dimensionless},Jun{dimensionless},Jul{dimensionless},Aug{dimensionless},Sep{dimensionless},Oct{dimensionless},Nov{dimensionless},Dec{dimensionless}
,1,0.20,0.20,0.20,0.20,0.20,0.20,0.20,0.20,0.20,0.20,0.20,0.20


Site:GroundReflectance:SnowModifier

,,Normal,Daylighting {dimensionless}
,1,1.000,1.000


Site:GroundReflectance:Snow

,,Jan{dimensionless},Feb{dimensionless},Mar{dimensionless},Apr{dimensionless},May{dimensionless},Jun{dimensionless},Jul{dimensionless},Aug{dimensionless},Sep{dimensionless},Oct{dimensionless},Nov{dimensionless},Dec{dimensionless}
,1,0.20,0.20,0.20,0.20,0.20,0.20,0.20,0.20,0.20,0.20,0.20,0.20


Site:GroundReflectance:Snow:Daylighting

,,Jan{dimensionless},Feb{dimensionless},Mar{dimensionless},Apr{dimensionless},May{dimensionless},Jun{dimensionless},Jul{dimensionless},Aug{dimensionless},Sep{dimensionless},Oct{dimensionless},Nov{dimensionless},Dec{dimensionless}
,1,0.20,0.20,0.20,0.20,0.20,0.20,0.20,0.20,0.20,0.20,0.20,0.20


Environment:Weather Station

,,Wind Sensor Height Above Ground {m},Wind Speed Profile Exponent {},Wind Speed Profile Boundary Layer Thickness {m},Air Temperature Sensor Height Above Ground {m},Wind Speed Modifier Coefficient-Internal,Temperature Modifier Coefficient-Internal
,1,10.000,0.140,270.000,1.500,1.586,9.750E-003


Site:Location

,,Location Name,Latitude {N+/S- Deg},Longitude {E+/W- Deg},Time Zone Number {GMT+/-},Elevation {m},Standard Pressure at Elevation {Pa},Standard RhoAir at Elevation
,1,Chicago Ohare Intl Ap IL USA TMY3 WMO#=725300,41.98,-87.92,-6.00,201.00,98934,1.1759


Site Water Mains Temperature Information

,,Calculation Method{},Water Mains Temperature Schedule Name{},Annual Average Outdoor Air Temperature{C},Maximum Difference In Monthly Average Outdoor Air Temperatures{deltaC},Fixed Default Water Mains Temperature{C}
,1,FixedDefault,NA,NA,NA,10.0


Building Information

,,Building Name,North Axis {deg},Terrain,Loads Convergence Tolerance Value,Temperature Convergence Tolerance Value,Solar Distribution,Maximum Number of Warmup Days,Minimum Number of Warmup Days
,1,Simple Building,0.000,Suburbs,4.00000E-002,0.20000,FullInteriorAndExterior,15,6


Inside Convection Algorithm

,,Algorithm {Simple
,,TARP
,,CeilingDiffuser
,,AdaptiveConvectionAlgorithm}
,1,TARP


Outside Convection Algorithm

,,Algorithm {SimpleCombined
,,TARP
,,MoWitt
,,DOE-2
,,AdaptiveConvectionAlgorithm}
,1,DOE-2


Sky Radiance Distribution

,,Value {Anisotropic}
,1,Anisotropic


Zone Air Solution Algorithm

,,Algorithm {ThirdOrderBackwardDifference,Space Heat Balance Sizing,Space Heat Balance Simulation
,,AnalyticalSolution,,
,,EulerMethod},,
,1,ThirdOrderBackwardDifference,No,No


Zone Air Carbon Dioxide Balance Simulation

,,Simulation {Yes/No},Carbon Dioxide Concentration
,1,No,N/A


Zone Air Generic Contaminant Balance Simulation

,,Simulation {Yes/No},Generic Contaminant Concentration
,1,No,N/A


Zone Air Mass Flow Balance Simulation

,,Enforce Mass Balance,Adjust Zone Mixing and Return {AdjustMixingOnly,Adjust Zone Infiltration {AddInfiltration,Infiltration Zones {MixingSourceZonesOnly
,,,AdjustReturnOnly,AdjustInfiltration,AllZones}
,,,AdjustMixingThenReturn,None},
,,,AdjustReturnThenMixing,,
,,,None},,
,1,No,N/A,N/A,N/A


HVACSystemRootFindingAlgorithm

,,Value {RegulaFalsi
,,Bisection
,,BisectionThenRegulaFalsi
,,RegulaFalsiThenBisection}
,1,RegulaFalsi


Environment:Site Atmospheric Variation

,,Wind Speed Profile Exponent {},Wind Speed Profile Boundary Layer Thickness {m},Air Temperature Gradient Coefficient {K/m}
,1,0.220,370.000,6.500000E-003


Shadowing/Sun Position Calculations Annual Simulations

,,Shading Calculation Method,Shading Calculation Update Frequency Method,Shading Calculation Update Frequency {days},Maximum Figures in Shadow Overlap Calculations {},Polygon Clipping Algorithm,Pixel Counting Resolution,Sky Diffuse Modeling Algorithm,Output External Shading Calculation Results,Disable Self-Shading Within Shading Zone Groups,Disable Self-Shading From Shading Zone Groups to Other Zones
,1,PolygonClipping,Periodic,20,15000,SutherlandHodgman,512,SimpleSkyDiffuseModeling,No,No,No


Surface Geometry

,,Starting Corner,Vertex Input Direction,Coordinate System,Daylight Reference Point Coordinate System,Rectangular (Simple) Surface Coordinate System
,1,UpperLeftCorner,Counterclockwise,RelativeCoordinateSystem,RelativeCoordinateSystem,RelativeToZoneOrigin


Surface Heat Transfer Algorithm

,,Value {CTF - ConductionTransferFunction,Inside Surface Max Temperature Limit{C},Surface Convection Coefficient Lower Limit {W/m2-K},Surface Convection Coefficient Upper Limit {W/m2-K}
,,EMPD - MoisturePenetrationDepthConductionTransferFunction,,,
,,CondFD - ConductionFiniteDifference,,,
,,HAMT - CombinedHeatAndMoistureFiniteElement} - Description,,,
,1,CTF - ConductionTransferFunction,200,0.10,1000.0


Shading Summary

,,Number of Fixed Detached Shades,Number of Building Detached Shades,Number of Attached Shades
,1,0,0,0


Zone Summary

,,Number of Zones,Number of Zone Surfaces,Number of SubSurfaces
,1,3,30,12


Zone Information

,,Zone Name,North Axis {deg},Origin X-Coordinate {m},Origin Y-Coordinate {m},Origin Z-Coordinate {m},Centroid X-Coordinate {m},Centroid Y-Coordinate {m},Centroid Z-Coordinate {m},Type,Zone Multiplier,Zone List Multiplier,Minimum X {m},Maximum X {m},Minimum Y {m},Maximum Y {m},Minimum Z {m},Maximum Z {m},Ceiling Height {m},Volume {m3},Zone Inside Convection Algorithm {Simple-Detailed-CeilingDiffuser-TrombeWall},Zone Outside Convection Algorithm {Simple-Detailed-Tarp-MoWitt-DOE-2-BLAST},Floor Area {m2},Exterior Gross Wall Area {m2},Exterior Net Wall Area {m2},Exterior Window Area {m2},Number of Surfaces,Number of SubSurfaces,Number of Shading SubSurfaces,Part of Total Building Area
,1,BUILDING_ZONE_1,500.0,0.00,0.00,0.00,7.42,-14.00,1.50,1,1,1,-37.09,38.46,-54.85,15.56,0.00,3.00,185.19,1350.00,TARP,DOE-2,1500.00,476.38,190.55,285.83,6,4,0,Yes
,2,BUILDING_ZONE_2,500.0,0.00,0.00,3.00,7.42,-14.00,7.50,1,1,1,-37.09,38.46,-54.85,15.56,6.00,9.00,185.19,1350.00,TARP,DOE-2,1500.00,476.38,190.55,285.83,6,4,0,Yes
,3,BUILDING_ZONE_3,500.0,0.00,0.00,6.00,7.42,-14.00,13.50,1,1,1,-37.09,38.46,-54.85,15.56,12.00,15.00,185.19,1350.00,TARP,DOE-2,1500.00,476.38,190.55,285.83,6,4,0,Yes


Zone Internal Gains Nominal

,,Zone Name,Floor Area {m2},# Occupants,Area per Occupant {m2/person},Occupant per Area {person/m2},Interior Lighting {W/m2},Electric Load {W/m2},Gas Load {W/m2},Other Load {W/m2},Hot Water Eq {W/m2},Steam Equipment {W/m2},Sum Loads per Area {W/m2},Outdoor Controlled Baseboard Heat
,1,BUILDING_ZONE_1,1500.00,35.0,42.857,2.333E-002,0.000,0.000,0.000,0.000,0.000,0.000,0.000,No
,2,BUILDING_ZONE_2,1500.00,35.0,42.857,2.333E-002,0.000,0.000,0.000,0.000,0.000,0.000,0.000,No
,3,BUILDING_ZONE_3,1500.00,35.0,42.857,2.333E-002,0.000,0.000,0.000,0.000,0.000,0.000,0.000,No


People Internal Gains Nominal

,,Name,Schedule Name,Zone Name,Zone Floor Area {m2},# Zone Occupants,Number of People {},People/Floor Area {person/m2},Floor Area per person {m2/person},Fraction Radiant,Fraction Convected,Sensible Fraction Calculation,Activity level,ASHRAE 55 Warnings,Carbon Dioxide Generation Rate,Minimum Number of People for All Day Types,Maximum Number of People for All Day Types,Minimum Number of People for Weekdays,Maximum Number of People for Weekdays,Minimum Number of People for Weekends/Holidays,Maximum Number of People for Weekends /Holidays,Minimum Number of People for Summer Design Days,Maximum Number of People for Summer Design Days,Minimum Number of People for Winter Design Days,Maximum Number of People for Winter Design Days
,1,BUILDING_ZONE_1_PEOPLE,PEOPLE OCCUPANCY SCHEDULE,BUILDING_ZONE_1,1500.00,35.0,35.0,2.333E-002,42.857,0.300,0.700,0.000,ACTIVITY SCHEDULE,No,3.8200E-008,0.0,35.0,0.0,0.0,0.0,0.0,0.0,0.0,0.0,0.0
,2,BUILDING_ZONE_2_PEOPLE,PEOPLE OCCUPANCY SCHEDULE,BUILDING_ZONE_2,1500.00,35.0,35.0,2.333E-002,42.857,0.300,0.700,0.000,ACTIVITY SCHEDULE,No,3.8200E-008,0.0,35.0,0.0,0.0,0.0,0.0,0.0,0.0,0.0,0.0
,3,BUILDING_ZONE_3_PEOPLE,PEOPLE OCCUPANCY SCHEDULE,BUILDING_ZONE_3,1500.00,35.0,35.0,2.333E-002,42.857,0.300,0.700,0.000,ACTIVITY SCHEDULE,No,3.8200E-008,0.0,35.0,0.0,0.0,0.0,0.0,0.0,0.0,0.0,0.0


Lights Internal Gains Nominal

,,Name,Schedule Name,Zone Name,Zone Floor Area {m2},# Zone Occupants,Lighting Level {W},Lights/Floor Area {W/m2},Lights per person {W/person},Fraction Return Air,Fraction Radiant,Fraction Short Wave,Fraction Convected,Fraction Replaceable,End-Use,Minimum Lighting Level for All Day Types {W},Maximum Lighting Level for All Day Types {W},Minimum Lighting Level for Weekdays {W},Maximum Lighting Level for Weekdays {W},Minimum Lighting Level for Weekends/Holidays {W},Maximum Lighting Level for Weekends /Holidays {W},Minimum Lighting Level for Summer Design Days {W},Maximum Lighting Level for Summer Design Days {W},Minimum Lighting Level for Winter Design Days {W},Maximum Lighting Level for Winter Design Days {W}
,1,BUILDING_ZONE_1_LIGHTS,LIGHTING SCHEDULE,BUILDING_ZONE_1,1500.00,35.0,0.000,0.000,0.000,0.000,0.000,0.700,0.300,1.000,GeneralLights,0.000,0.000,0.000,0.0,0.000,0.000,0.000,0.000,0.000,0.000
,2,BUILDING_ZONE_2_LIGHTS,LIGHTING SCHEDULE,BUILDING_ZONE_2,1500.00,35.0,0.000,0.000,0.000,0.000,0.000,0.700,0.300,1.000,GeneralLights,0.000,0.000,0.000,0.0,0.000,0.000,0.000,0.000,0.000,0.000
,3,BUILDING_ZONE_3_LIGHTS,LIGHTING SCHEDULE,BUILDING_ZONE_3,1500.00,35.0,0.000,0.000,0.000,0.000,0.000,0.700,0.300,1.000,GeneralLights,0.000,0.000,0.000,0.0,0.000,0.000,0.000,0.000,0.000,0.000


ElectricEquipment Internal Gains Nominal

,,Name,Schedule Name,Zone Name,Zone Floor Area {m2},# Zone Occupants,Equipment Level {W},Equipment/Floor Area {W/m2},Equipment per person {W/person},Fraction Latent,Fraction Radiant,Fraction Lost,Fraction Convected,End-Use SubCategory,Minimum Equipment Level for All Day Types {W},Maximum Equipment Level for All Day Types {W},Minimum Equipment Level for Weekdays {W},Maximum Equipment Level for Weekdays {W},Minimum Equipment Level for Weekends/Holidays {W},Maximum Equipment Level for Weekends /Holidays {W},Minimum Equipment Level for Summer Design Days {W},Maximum Equipment Level for Summer Design Days {W},Minimum Equipment Level for Winter Design Days {W},Maximum Equipment Level for Winter Design Days {W}
,1,BUILDING_ZONE_1_EQUIPMENT,EQUIPMENT SCHEDULE,BUILDING_ZONE_1,1500.00,35.0,0.000,0.000,0.000,0.100,0.200,0.000,0.700,General,0.000,0.000,0.000,0.000,0.000,0.000,0.000,0.000,0.000,0.000
,2,BUILDING_ZONE_2_EQUIPMENT,EQUIPMENT SCHEDULE,BUILDING_ZONE_2,1500.00,35.0,0.000,0.000,0.000,0.100,0.200,0.000,0.700,General,0.000,0.000,0.000,0.000,0.000,0.000,0.000,0.000,0.000,0.000
,3,BUILDING_ZONE_3_EQUIPMENT,EQUIPMENT SCHEDULE,BUILDING_ZONE_3,1500.00,35.0,0.000,0.000,0.000,0.100,0.200,0.000,0.700,General,0.000,0.000,0.000,0.000,0.000,0.000,0.000,0.000,0.000,0.000


RoomAir Model

,,Zone Name,Mixing/Mundt/UCSDDV/UCSDCV/UCSDUFI/UCSDUFE/User Defined
,1,BUILDING_ZONE_1,Mixing/Well-Stirred
,2,BUILDING_ZONE_2,Mixing/Well-Stirred
,3,BUILDING_ZONE_3,Mixing/Well-Stirred


AirflowNetwork Model:Control

,,No Multizone or Distribution/Multizone with Distribution/Multizone without Distribution/Multizone with Distribution only during Fan Operation
,1,NoMultizoneOrDistribution


Zone Volume Capacitance Multiplier

,,Sensible Heat Capacity Multiplier,Moisture Capacity Multiplier,Carbon Dioxide Capacity Multiplier,Generic Contaminant Capacity Multiplier
,1,1.000,1.000,1.000,1.000


Environment

,,Environment Name,Environment Type,Start Date,End Date,Start DayOfWeek,Duration {#days},Source:Start DayOfWeek,Use Daylight Saving,Use Holidays,Apply Weekend Holiday Rule,Use Rain Values,Use Snow Values,Sky Temperature Model
,1,YEAR ROUND RUN PERIOD,WeatherFileRunPeriod,01/01/2017,12/31/2017,Sunday,365,Use RunPeriod Specified Day,Yes,Yes,Yes,Yes,Yes,Clark and Allen


Environment:Daylight Saving

,,Daylight Saving Indicator,Source,Start Date,End Date
,1,No,,,


Environment:WarmupDays

,,NumberofWarmupDays
,1,6


Warmup Convergence Information

,,Zone Name,Environment Type/Name,Average Warmup Temperature Difference {deltaC},Std Dev Warmup Temperature Difference {deltaC},Max Temperature Pass/Fail Convergence,Min Temperature Pass/Fail Convergence,Average Warmup Load Difference {W},Std Dev Warmup Load Difference {W},Heating Load Pass/Fail Convergence,Cooling Load Pass/Fail Convergence
,1,BUILDING_ZONE_1,RunPeriod: YEAR ROUND RUN PERIOD,0.3346231167,0.4130799448,Pass,Pass,0.0000000000,0.0000000000,Pass,Pass
,2,BUILDING_ZONE_2,RunPeriod: YEAR ROUND RUN PERIOD,0.3272444149,0.4060702411,Pass,Pass,0.0000000000,0.0000000000,Pass,Pass
,3,BUILDING_ZONE_3,RunPeriod: YEAR ROUND RUN PERIOD,0.3918196690,0.4373024871,Pass,Pass,0.0000000000,0.0000000000,Pass,Pass


----------------------------------------------------------------------------------------------------
REPORT:,Annual Heat Emissions Report
FOR:,Entire Facility
Annual Heat Emissions Summary

,,Envelope Convection,Zone Exfiltration,Zone Exhaust Air,HVAC Relief Air,HVAC Reject Heat,Total
,Heat Emissions [GJ],3696.30,0.00,0.00,0.00,0.00,3696.35


----------------------------------------------------------------------------------------------------
REPORT:,Annual Thermal Resilience Summary
FOR:,Entire Facility
Heat Index Hours

,,Safe (â‰¤ 26.7Â°C) [hr],Caution (> 26.7Â°C, â‰¤ 32.2Â°C) [hr],Extreme Caution (> 32.2Â°C, â‰¤ 39.4Â°C) [hr],Danger (> 39.4Â°C, â‰¤ 51.7Â°C) [hr],Extreme Danger (> 51.7Â°C) [hr]
,BUILDING_ZONE_1,7071.00,389.25,402.50,405.50,491.75
,BUILDING_ZONE_2,7091.50,386.50,415.00,394.50,472.50
,BUILDING_ZONE_3,6845.00,337.00,407.50,429.25,741.25
,Min,6845.00,337.00,402.50,394.50,472.50
,Max,7091.50,389.25,415.00,429.25,741.25
,Average,7002.50,370.92,408.33,409.75,568.50
,Sum,21007.50,1112.75,1225.00,1229.25,1705.50


Heat Index OccupantHours

,,Safe (â‰¤ 26.7Â°C) [hr],Caution (> 26.7Â°C, â‰¤ 32.2Â°C) [hr],Extreme Caution (> 32.2Â°C, â‰¤ 39.4Â°C) [hr],Danger (> 39.4Â°C, â‰¤ 51.7Â°C) [hr],Extreme Danger (> 51.7Â°C) [hr]
,BUILDING_ZONE_1,102978.75,5223.75,7507.50,12678.75,17211.25
,BUILDING_ZONE_2,103468.75,5110.00,7988.75,12495.00,16537.50
,BUILDING_ZONE_3,97133.75,4795.00,7542.50,10185.00,25943.75
,Min,97133.75,4795.00,7507.50,10185.00,16537.50
,Max,103468.75,5223.75,7988.75,12678.75,25943.75
,Average,101193.75,5042.92,7679.58,11786.25,19897.50
,Sum,303581.25,15128.75,23038.75,35358.75,59692.50


Heat Index OccupiedHours

,,Safe (â‰¤ 26.7Â°C) [hr],Caution (> 26.7Â°C, â‰¤ 32.2Â°C) [hr],Extreme Caution (> 32.2Â°C, â‰¤ 39.4Â°C) [hr],Danger (> 39.4Â°C, â‰¤ 51.7Â°C) [hr],Extreme Danger (> 51.7Â°C) [hr]
,BUILDING_ZONE_1,2942.25,149.25,214.50,362.25,491.75
,BUILDING_ZONE_2,2956.25,146.00,228.25,357.00,472.50
,BUILDING_ZONE_3,2775.25,137.00,215.50,291.00,741.25
,Min,2775.25,137.00,214.50,291.00,472.50
,Max,2956.25,149.25,228.25,362.25,741.25
,Average,2891.25,144.08,219.42,336.75,568.50
,Sum,8673.75,432.25,658.25,1010.25,1705.50


Humidex Hours

,,Little to no Discomfort (â‰¤ 29) [hr],Some Discomfort (> 29, â‰¤ 40) [hr],Great Discomfort; Avoid Exertion (> 40, â‰¤ 45) [hr],Dangerous (> 45, â‰¤ 50) [hr],Heat Stroke Quite Possible (> 50) [hr]
,BUILDING_ZONE_1,6287.50,1226.25,345.50,296.00,604.75
,BUILDING_ZONE_2,6311.75,1219.50,352.25,290.75,585.75
,BUILDING_ZONE_3,6205.25,1072.25,341.25,273.50,867.75
,Min,6205.25,1072.25,341.25,273.50,585.75
,Max,6311.75,1226.25,352.25,296.00,867.75
,Average,6268.17,1172.67,346.33,286.75,686.08
,Sum,18804.50,3518.00,1039.00,860.25,2058.25


Humidex OccupantHours

,,Little to no Discomfort (â‰¤ 29) [hr],Some Discomfort (> 29, â‰¤ 40) [hr],Great Discomfort; Avoid Exertion (> 40, â‰¤ 45) [hr],Dangerous (> 45, â‰¤ 50) [hr],Heat Stroke Quite Possible (> 50) [hr]
,BUILDING_ZONE_1,86957.50,20693.75,7481.25,9301.25,21166.25
,BUILDING_ZONE_2,87482.50,20623.75,7726.25,9266.25,20501.25
,BUILDING_ZONE_3,83011.25,18865.00,7315.00,7035.00,29373.75
,Min,83011.25,18865.00,7315.00,7035.00,20501.25
,Max,87482.50,20693.75,7726.25,9301.25,29373.75
,Average,85817.08,20060.83,7507.50,8534.17,23680.42
,Sum,257451.25,60182.50,22522.50,25602.50,71041.25


Humidex OccupiedHours

,,Little to no Discomfort (â‰¤ 29) [hr],Some Discomfort (> 29, â‰¤ 40) [hr],Great Discomfort; Avoid Exertion (> 40, â‰¤ 45) [hr],Dangerous (> 45, â‰¤ 50) [hr],Heat Stroke Quite Possible (> 50) [hr]
,BUILDING_ZONE_1,2484.50,591.25,213.75,265.75,604.75
,BUILDING_ZONE_2,2499.50,589.25,220.75,264.75,585.75
,BUILDING_ZONE_3,2371.75,539.00,209.00,201.00,839.25
,Min,2371.75,539.00,209.00,201.00,585.75
,Max,2499.50,591.25,220.75,265.75,839.25
,Average,2451.92,573.17,214.50,243.83,676.58
,Sum,7355.75,1719.50,643.50,731.50,2029.75


Hours of Safety for Cold Events

,,Hours of Safety [hr],End Time of the Safety Duration,Safe Temperature Exceedance Hours [hr],Safe Temperature Exceedance OccupantHours [hr],Safe Temperature Exceedance OccupiedHours [hr]
,BUILDING_ZONE_1,0.00,01-JAN-00:00,4860.75,69160.00,1976.00
,BUILDING_ZONE_2,0.00,01-JAN-00:00,4874.50,69501.25,1985.75
,BUILDING_ZONE_3,0.00,01-JAN-00:00,4814.25,66911.25,1911.75
,Min,0.00,-,4814.25,66911.25,1911.75
,Max,0.00,-,4874.50,69501.25,1985.75
,Average,0.00,-,4849.83,68524.17,1957.83
,Sum,0.00,-,14549.50,205572.50,5873.50


Hours of Safety for Heat Events

,,Hours of Safety [hr],End Time of the Safety Duration,Safe Temperature Exceedance Hours [hr],Safe Temperature Exceedance OccupantHours [hr],Safe Temperature Exceedance OccupiedHours [hr]
,BUILDING_ZONE_1,2410.75,11-APR-10:45,1106.75,28577.50,816.50
,BUILDING_ZONE_2,2482.50,14-APR-10:30,1064.00,27475.00,785.00
,BUILDING_ZONE_3,2409.00,11-APR-09:00,1436.50,36942.50,1055.50
,Min,2409.00,-,1064.00,27475.00,785.00
,Max,2482.50,-,1436.50,36942.50,1055.50
,Average,2434.08,-,1202.42,30998.33,885.67
,Sum,7302.25,-,3607.25,92995.00,2657.00


Unmet Degree-Hours

,,Cooling Setpoint Unmet Degree-Hours [Â°CÂ·hr],Cooling Setpoint Unmet Occupant-Weighted Degree-Hours [Â°CÂ·hr],Cooling Setpoint Unmet Occupied Degree-Hours [Â°CÂ·hr],Heating Setpoint Unmet Degree-Hours [Â°CÂ·hr],Heating Setpoint Unmet Occupant-Weighted Degree-Hours [Â°CÂ·hr],Heating Setpoint Unmet Occupied Degree-Hours [Â°CÂ·hr]
,BUILDING_ZONE_1,0.00,0.00,0.00,0.00,0.00,0.00
,BUILDING_ZONE_2,0.00,0.00,0.00,0.00,0.00,0.00
,BUILDING_ZONE_3,0.00,0.00,0.00,0.00,0.00,0.00
,Min,0.00,0.00,0.00,0.00,0.00,0.00
,Max,0.00,0.00,0.00,0.00,0.00,0.00
,Average,0.00,0.00,0.00,0.00,0.00,0.00
,Sum,0.00,0.00,0.00,0.00,0.00,0.00


Discomfort-weighted Exceedance OccupantHours

,,Very-cold Exceedance OccupantHours [hr],Cool Exceedance OccupantHours [hr],Warm Exceedance OccupantHours [hr],Very-hot Exceedance OccupantHours [hr]
,BUILDING_ZONE_1,0.00,0.00,0.00,0.00
,BUILDING_ZONE_2,0.00,0.00,0.00,0.00
,BUILDING_ZONE_3,0.00,0.00,0.00,0.00
,Min,0.00,0.00,0.00,0.00
,Max,0.00,0.00,0.00,0.00
,Average,0.00,0.00,0.00,0.00
,Sum,0.00,0.00,0.00,0.00


Discomfort-weighted Exceedance OccupiedHours

,,Very-cold Exceedance OccupantHours [hr],Cool Exceedance OccupantHours [hr],Warm Exceedance OccupantHours [hr],Very-hot Exceedance OccupantHours [hr]
,BUILDING_ZONE_1,0.00,0.00,0.00,0.00
,BUILDING_ZONE_2,0.00,0.00,0.00,0.00
,BUILDING_ZONE_3,0.00,0.00,0.00,0.00
,Min,0.00,0.00,0.00,0.00
,Max,0.00,0.00,0.00,0.00
,Average,0.00,0.00,0.00,0.00
,Sum,0.00,0.00,0.00,0.00


----------------------------------------------------------------------------------------------------
REPORT:,Climatic Data Summary
FOR:,Entire Facility
SizingPeriod:DesignDay

,,Maximum Dry Bulb [C],Daily Temperature Range [deltaC],Humidity Value,Humidity Type,Wind Speed [m/s],Wind Direction
,None,,,,,,


Monthly Precipitation Summary

,,Monthly Total Precipitation from .epw [mm],Monthly Total Hours of Rain from .epw,Monthly Total Precipitation in Site:Precipitation [mm],Monthly Total Roof Irrigation Depth [mm],Monthly Total Rain Collection Volume [m3]
,Jan,0.00,0,,,
,Feb,0.00,0,,,
,Mar,0.00,0,,,
,Apr,46.00,43,,,
,May,0.00,0,,,
,Jun,0.00,0,,,
,Jul,0.00,0,,,
,Aug,0.00,0,,,
,Sep,0.00,0,,,
,Oct,0.00,0,,,
,Nov,0.00,0,,,
,Dec,0.00,0,,,


Weather Statistics File

,,Value
,Reference,USA_IL_Chicago-OHare.Intl.AP.725300_TMY3
,Site:Location,Chicago Ohare Intl Ap IL USA
,Latitude,{N 41° 58'}
,Longitude,{W  87° 55'}
,Time Zone,{GMT -6.0 Hours}
,Elevation (m) above sea level,201
,Standard Pressure at Elevation,98934Pa
,Data Source,TMY3
,WMO Station,725300
,Weather File Design Conditions,Climate Design Data 2009 ASHRAE Handbook
,Heating Design Temperature 99.6% (C),-20Â°
,Heating Design Temperature 99% (C),-16.6Â°
,Cooling Design Temperature 0.4% (C),33.3Â°
,Cooling Design Temperature 1% (C),31.6Â°
,Cooling Design Temperature 2% (C),30.1Â°
,Maximum Dry Bulb Temperature (C),35.0Â°
,Maximum Dry Bulb Occurs on,Jul 19
,Minimum Dry Bulb Temperature (C),-22.8Â°
,Minimum Dry Bulb Occurs on,Jan  7
,Maximum Dew Point Temperature (C),25.6Â°
,Maximum Dew Point Occurs on,Aug  4
,Minimum Dew Point Temperature (C),-28.3Â°
,Minimum Dew Point Occurs on,Jan 27
,Annual Total Precipitation [mm],46
,Max Hourly Precipitation [mm],6
,Max Hourly Precipitation Occurs in,Apr
,ASHRAE Handbook 2009  Cooling Degree-Days (base 10Â°C),1689
,Weather File Cooling Degree-Days (base 10Â°C),1743
,ASHRAE Handbook 2009 Heating Degree-Days (base 18.3Â°C),3506
,Weather File Heating Degree-Days (base 18Â°C),3430
,KÃ¶ppen Classification,Dfa
,KÃ¶ppen Description,Humid continental (hot summer, cold winter, no dry season, lat. 30-60°N)
,KÃ¶ppen Recommendation,Unbearably humid periods in summer, but passive cooling is possible
,ASHRAE Climate Zone,5A
,ASHRAE Description,Cool-Humid


----------------------------------------------------------------------------------------------------
REPORT:,Envelope Summary
FOR:,Entire Facility
Opaque Exterior

,,Construction,Zone,Reflectance,U-Factor with Film [W/m2-K],U-Factor no Film [W/m2-K],Gross Area [m2],Net Area [m2],Azimuth [deg],Tilt [deg],Cardinal Direction
,BUILDING_ZONE_1_WALL_NORTH,BUILDING_EXTERIORWALL,BUILDING_ZONE_1,0.30,0.523,0.567,92.95,37.18,50.00,90.00,E
,BUILDING_ZONE_1_WALL_SOUTH,BUILDING_EXTERIORWALL,BUILDING_ZONE_1,0.30,0.523,0.567,92.95,37.18,50.00,90.00,E
,BUILDING_ZONE_1_WALL_EAST,BUILDING_EXTERIORWALL,BUILDING_ZONE_1,0.30,0.523,0.567,145.24,58.09,320.00,90.00,N
,BUILDING_ZONE_1_WALL_WEST,BUILDING_EXTERIORWALL,BUILDING_ZONE_1,0.30,0.523,0.567,145.24,58.09,140.00,90.00,S
,BUILDING_ZONE_1_FLOOR,BUILDING_EXTERIORFLOOR,BUILDING_ZONE_1,0.30,0.323,0.344,1500.00,1500.00,230.00,180.00,
,BUILDING_ZONE_1_CEILING,BUILDING_EXTERIORROOF,BUILDING_ZONE_1,0.30,0.468,0.500,1500.00,1500.00,320.00,0.00,
,BUILDING_ZONE_2_WALL_NORTH,BUILDING_EXTERIORWALL,BUILDING_ZONE_2,0.30,0.523,0.567,92.95,37.18,50.00,90.00,E
,BUILDING_ZONE_2_WALL_SOUTH,BUILDING_EXTERIORWALL,BUILDING_ZONE_2,0.30,0.523,0.567,92.95,37.18,50.00,90.00,E
,BUILDING_ZONE_2_WALL_EAST,BUILDING_EXTERIORWALL,BUILDING_ZONE_2,0.30,0.523,0.567,145.24,58.09,320.00,90.00,N
,BUILDING_ZONE_2_WALL_WEST,BUILDING_EXTERIORWALL,BUILDING_ZONE_2,0.30,0.523,0.567,145.24,58.09,140.00,90.00,S
,BUILDING_ZONE_2_FLOOR,BUILDING_EXTERIORFLOOR,BUILDING_ZONE_2,0.30,0.323,0.344,1500.00,1500.00,230.00,180.00,
,BUILDING_ZONE_2_CEILING,BUILDING_EXTERIORROOF,BUILDING_ZONE_2,0.30,0.468,0.500,1500.00,1500.00,320.00,0.00,
,BUILDING_ZONE_3_WALL_NORTH,BUILDING_EXTERIORWALL,BUILDING_ZONE_3,0.30,0.523,0.567,92.95,37.18,50.00,90.00,E
,BUILDING_ZONE_3_WALL_SOUTH,BUILDING_EXTERIORWALL,BUILDING_ZONE_3,0.30,0.523,0.567,92.95,37.18,50.00,90.00,E
,BUILDING_ZONE_3_WALL_EAST,BUILDING_EXTERIORWALL,BUILDING_ZONE_3,0.30,0.523,0.567,145.24,58.09,320.00,90.00,N
,BUILDING_ZONE_3_WALL_WEST,BUILDING_EXTERIORWALL,BUILDING_ZONE_3,0.30,0.523,0.567,145.24,58.09,140.00,90.00,S
,BUILDING_ZONE_3_FLOOR,BUILDING_EXTERIORFLOOR,BUILDING_ZONE_3,0.30,0.323,0.344,1500.00,1500.00,230.00,180.00,
,BUILDING_ZONE_3_CEILING,BUILDING_EXTERIORROOF,BUILDING_ZONE_3,0.30,0.468,0.500,1500.00,1500.00,320.00,0.00,


Opaque Interior

,,Construction,Zone,Adjacent Surface,Reflectance,U-Factor with Film [W/m2-K],U-Factor no Film [W/m2-K],Gross Area [m2],Net Area [m2],Azimuth [deg],Tilt [deg],Cardinal Direction
,None,,,,,,,,,,,


Exterior Fenestration

,,Construction,Frame and Divider,Glass Area [m2],Frame Area [m2],Divider Area [m2],Area of One Opening [m2],Area of Multiplied Openings [m2],Glass U-Factor [W/m2-K],Glass SHGC,Glass Visible Transmittance,Frame Conductance [W/m2-K],Divider Conductance [W/m2-K],NFRC Product Type,Assembly U-Factor [W/m2-K],Assembly SHGC,Assembly Visible Transmittance,Shade Control,Parent Surface,Azimuth [deg],Tilt [deg],Cardinal Direction
,BUILDING_ZONE_1_WINDOW_NORTH,BUILDING_WINDOW,,55.77,0.00,0.00,55.77,55.77,2.917,0.351,0.264,,,,,,,No,BUILDING_ZONE_1_WALL_NORTH,50.00,90.00,E
,BUILDING_ZONE_1_WINDOW_SOUTH,BUILDING_WINDOW,,55.77,0.00,0.00,55.77,55.77,2.917,0.351,0.264,,,,,,,No,BUILDING_ZONE_1_WALL_SOUTH,50.00,90.00,E
,BUILDING_ZONE_1_WINDOW_EAST,BUILDING_WINDOW,,87.14,0.00,0.00,87.14,87.14,2.917,0.351,0.264,,,,,,,No,BUILDING_ZONE_1_WALL_EAST,320.00,90.00,N
,BUILDING_ZONE_1_WINDOW_WEST,BUILDING_WINDOW,,87.14,0.00,0.00,87.14,87.14,2.917,0.351,0.264,,,,,,,No,BUILDING_ZONE_1_WALL_WEST,140.00,90.00,S
,BUILDING_ZONE_2_WINDOW_NORTH,BUILDING_WINDOW,,55.77,0.00,0.00,55.77,55.77,2.917,0.351,0.264,,,,,,,No,BUILDING_ZONE_2_WALL_NORTH,50.00,90.00,E
,BUILDING_ZONE_2_WINDOW_SOUTH,BUILDING_WINDOW,,55.77,0.00,0.00,55.77,55.77,2.917,0.351,0.264,,,,,,,No,BUILDING_ZONE_2_WALL_SOUTH,50.00,90.00,E
,BUILDING_ZONE_2_WINDOW_EAST,BUILDING_WINDOW,,87.14,0.00,0.00,87.14,87.14,2.917,0.351,0.264,,,,,,,No,BUILDING_ZONE_2_WALL_EAST,320.00,90.00,N
,BUILDING_ZONE_2_WINDOW_WEST,BUILDING_WINDOW,,87.14,0.00,0.00,87.14,87.14,2.917,0.351,0.264,,,,,,,No,BUILDING_ZONE_2_WALL_WEST,140.00,90.00,S
,BUILDING_ZONE_3_WINDOW_NORTH,BUILDING_WINDOW,,55.77,0.00,0.00,55.77,55.77,2.917,0.351,0.264,,,,,,,No,BUILDING_ZONE_3_WALL_NORTH,50.00,90.00,E
,BUILDING_ZONE_3_WINDOW_SOUTH,BUILDING_WINDOW,,55.77,0.00,0.00,55.77,55.77,2.917,0.351,0.264,,,,,,,No,BUILDING_ZONE_3_WALL_SOUTH,50.00,90.00,E
,BUILDING_ZONE_3_WINDOW_EAST,BUILDING_WINDOW,,87.14,0.00,0.00,87.14,87.14,2.917,0.351,0.264,,,,,,,No,BUILDING_ZONE_3_WALL_EAST,320.00,90.00,N
,BUILDING_ZONE_3_WINDOW_WEST,BUILDING_WINDOW,,87.14,0.00,0.00,87.14,87.14,2.917,0.351,0.264,,,,,,,No,BUILDING_ZONE_3_WALL_WEST,140.00,90.00,S
,Total or Average,,,,,,,857.48,2.917,0.351,0.264,,,,,,,,,,,
,North Total or Average,,,,,,,261.43,2.917,0.351,0.264,,,,,,,,,,,
,Non-North Total or Average,,,,,,,596.05,2.917,0.351,0.264,,,,,,,,,,,


Exterior Fenestration Shaded State

,,Frame and Divider,Glass U-Factor [W/m2-K],Glass SHGC,Glass Visible Transmittance,NFRC Product Type,Assembly U-Factor [W/m2-K],Assembly SHGC,Assembly Visible Transmittance
,None,,,,,,,,


Interior Fenestration

,,Construction,Area of One Opening [m2],Area of Openings [m2],Glass U-Factor [W/m2-K],Glass SHGC,Glass Visible Transmittance,Parent Surface
,Total or Average,,,0.00,-,-,-,


Exterior Door

,,Construction,U-Factor with Film [W/m2-K],U-Factor no Film [W/m2-K],Gross Area [m2],Parent Surface
,None,,,,,


Interior Door

,,Construction,U-Factor with Film [W/m2-K],U-Factor no Film [W/m2-K],Gross Area [m2],Parent Surface
,None,,,,,


Opaque Construction Layers

,,Layer 1,Layer 2,Layer 3,Layer 4,Layer 5,Layer 6,Layer 7,Layer 8,Layer 9,Layer 10
,BUILDING_EXTERIORWALL,Building_Wall,,,,,,,,,
,BUILDING_EXTERIORROOF,BUILDING_ROOF,,,,,,,,,
,BUILDING_EXTERIORFLOOR,BUILDING_FLOOR,,,,,,,,,


----------------------------------------------------------------------------------------------------
REPORT:,Shading Summary
FOR:,Entire Facility
Sunlit Fraction

,,March 21 9am,March 21 noon,March 21 3pm,June 21 9am,June 21 noon,June 21 3pm,December 21 9am,December 21 noon,December 21 3pm
,BUILDING_ZONE_1_WINDOW_NORTH,0.47,0.00,0.00,0.39,0.00,0.00,0.00,0.00,0.00
,BUILDING_ZONE_1_WINDOW_SOUTH,1.00,0.00,0.00,1.00,0.00,0.00,0.00,0.00,0.00
,BUILDING_ZONE_1_WINDOW_EAST,0.00,0.00,1.00,0.00,0.00,1.00,0.00,0.00,0.00
,BUILDING_ZONE_1_WINDOW_WEST,1.00,1.00,0.00,1.00,1.00,0.00,1.00,1.00,1.00
,BUILDING_ZONE_2_WINDOW_NORTH,0.47,0.00,0.00,0.39,0.00,0.00,0.00,0.00,0.00
,BUILDING_ZONE_2_WINDOW_SOUTH,1.00,0.00,0.00,1.00,0.00,0.00,0.00,0.00,0.00
,BUILDING_ZONE_2_WINDOW_EAST,0.00,0.00,1.00,0.00,0.00,1.00,0.00,0.00,0.00
,BUILDING_ZONE_2_WINDOW_WEST,1.00,1.00,0.00,1.00,1.00,0.00,1.00,1.00,1.00
,BUILDING_ZONE_3_WINDOW_NORTH,1.00,0.00,0.00,1.00,0.00,0.00,0.00,0.00,0.00
,BUILDING_ZONE_3_WINDOW_SOUTH,1.00,0.00,0.00,1.00,0.00,0.00,0.00,0.00,0.00
,BUILDING_ZONE_3_WINDOW_EAST,0.00,0.00,1.00,0.00,0.00,1.00,0.00,0.00,0.00
,BUILDING_ZONE_3_WINDOW_WEST,1.00,1.00,0.00,1.00,1.00,0.00,1.00,1.00,1.00


Window Control

,,Name,Type,Shaded Construction,Control,Glare Control
,None,,,,,


----------------------------------------------------------------------------------------------------
REPORT:,Lighting Summary
FOR:,Entire Facility
Interior Lighting

,,Zone Name,Space Name,Space Type,Lighting Power Density [W/m2],Space Area [m2],Total Power [W],End Use Subcategory,Schedule Name,Scheduled Hours/Week [hr],Hours/Week > 1% [hr],Full Load Hours/Week [hr],Return Air Fraction,Conditioned (Y/N),Consumption [GJ]
,BUILDING_ZONE_1_LIGHTS,BUILDING_ZONE_1,BUILDING_ZONE_1,GENERAL,0.0000,1500.00,0.00,GeneralLights,LIGHTING SCHEDULE,105.00,0.00,,0.0000,N,0.00
,BUILDING_ZONE_2_LIGHTS,BUILDING_ZONE_2,BUILDING_ZONE_2,GENERAL,0.0000,1500.00,0.00,GeneralLights,LIGHTING SCHEDULE,105.00,0.00,,0.0000,N,0.00
,BUILDING_ZONE_3_LIGHTS,BUILDING_ZONE_3,BUILDING_ZONE_3,GENERAL,0.0000,1500.00,0.00,GeneralLights,LIGHTING SCHEDULE,105.00,0.00,,0.0000,N,0.00
,Interior Lighting Total,,,,0.0000,4500.00,0.00,,,,,,,,0.00


Daylighting

,,Zone,Control Name,Daylighting Method,Control Type,Fraction Controlled,Lighting Installed in Zone [W],Lighting Controlled [W]
,None,,,,,,,


Exterior Lighting

,,Total Watts,Astronomical Clock/Schedule,Schedule Name,Scheduled Hours/Week [hr],Hours/Week > 1% [hr],Full Load Hours/Week [hr],Consumption [GJ]
,Exterior Lighting Total,0.00,,,,,,0.00


----------------------------------------------------------------------------------------------------
REPORT:,Equipment Summary
FOR:,Entire Facility
Central Plant

,,Type,Reference Capacity [W],Reference Efficiency [W/W],Rated Capacity [W],Rated Efficiency [W/W],IPLV in SI Units [W/W],IPLV in IP Units [Btu/W-h]
,None,,,,,,,


Cooling Coils

,,Type,Design Coil Load [W],Nominal Total Capacity [W],Nominal Sensible Capacity [W],Nominal Latent Capacity [W],Nominal Sensible Heat Ratio,Nominal Efficiency [W/W],Nominal Coil UA Value [W/C],Nominal Coil Surface Area [m2]
,None,,,,,,,,,


DX Cooling Coil Standard Ratings 2017

,,Cooling Coil Type [1],Standard Rating Net Cooling Capacity [W][2],Standard Rating Net COP [W/W][2],EER [Btu/W-h][2],SEER User [Btu/W-h][2,3],SEER Standard [Btu/W-h][2,3],IEER [Btu/W-h][2]
,None,,,,,,,


DX Cooling Coil Standard Ratings 2023

,,Cooling Coil Type [1],Standard Rating Net Cooling Capacity [W][2],Standard Rating Net COP2 [W/W][2,4],EER2 [Btu/W-h][2,4],SEER2 User [Btu/W-h][2,3],SEER2 Standard [Btu/W-h][2,3],IEER [Btu/W-h][2]
,None,,,,,,,


DX Cooling Coil ASHRAE 127 Standard Ratings Report

,,DX Cooling Coil Type,Rated Net Cooling Capacity Test A [W],Rated Electric Power Test A [W],Rated Net Cooling Capacity Test B [W],Rated Electric Power Test B [W],Rated Net Cooling Capacity Test C [W],Rated Electric Power Test C [W],Rated Net Cooling Capacity Test D [W],Rated Electric Power Test D [W]
,None,,,,,,,,,


Water-to-Air Heat Pumps at Rated Temperatures Report

,,Coil Type,Rated Total Capacity [W],Rated Sensible Capacity [W],Rated Power[W],Rated COP [W/W],Rated Air Dry-bulb Temperature [C],Rated Air Wet-bulb Temperature [C],Rated Water Temperature [C],Design Day used for Sizing
,None,,,,,,,,,


DX Heating Coils

,,DX Heating Coil Type,High Temperature Heating (net) Rating Capacity [W],Low Temperature Heating (net) Rating Capacity [W],HSPF [Btu/W-h],Region Number,Minimum Outdoor Dry-Bulb Temperature for Compressor Operation [C],Supplemental Heat High Shutoff Temperature [C],Airloop Name
,None,,,,,,,,


DX Heating Coils AHRI 2023

,,DX Heating Coil Type,High Temperature Heating (net) Rating Capacity [W],Low Temperature Heating (net) Rating Capacity [W],HSPF2 [Btu/W-h],Region Number,Minimum Outdoor Dry-Bulb Temperature for Compressor Operation [C],Airloop Name
,None,,,,,,,


Heating Coils

,,Type,Design Coil Load [W],Nominal Total Capacity [W],Nominal Efficiency [W/W],Used as Supplementary Heat,Airloop Name,Plantloop Name
,None,,,,,,,


Fans

,,Type,Total Efficiency [W/W],Delta Pressure [pa],Max Air Flow Rate [m3/s],Rated Electricity Rate [W],Rated Power Per Max Air Flow Rate [W-s/m3],Motor Heat In Air Fraction,Fan Energy Index,End Use Subcategory,Design Day Name for Fan Sizing Peak,Date/Time for Fan Sizing Peak,Purpose,Is Autosized,Motor Efficiency,Motor Heat to Zone Fraction,Motor Loss Zone Name,Airloop Name
,None,,,,,,,,,,,,,,,,,


Pumps

,,Type,Control,Head [pa],Water Flow [m3/s],Electricity Rate [W],Power Per Water Flow Rate [W-s/m3],Motor Efficiency [W/W],End Use Subcategory,Is Autosized,Plantloop Name,Plantloop Branch Name
,None,,,,,,,,,,,


Service Water Heating

,,Type,Storage Volume [m3],Input [W],Thermal Efficiency [W/W],Recovery Efficiency [W/W],Energy Factor
,None,,,,,,


Chillers

,,Type,Reference Capacity[W],TypeReference Efficiency [W/W],Rated Capacity [W],Rated Efficiency [W/W],IPLV in SI Units [W/W],IPLV in IP Units [Btu/W-h],Minimum Part Load Ratio,Fuel Type,Rated Entering Condenser Temperature [C],Rated Leaving Evaporator Temperature [C],Reference Entering Condenser Temperature [C],Reference Leaving Evaporator Temperature [C],Design Size Reference Chilled Water Flow Rate [kg/s],Design Size Reference Condenser Fluid Flow Rate [kg/s],Plantloop Name,Plantloop Branch Name,Condenser Loop Name,Condenser Loop Branch Name,Heat Recovery Plantloop Name,Heat Recovery Plantloop Branch Name,Recovery Relative Capacity Fraction
,None,,,,,,,,,,,,,,,,,,,,,,


Boilers

,,Type,Reference Capacity [W],Reference Efficiency[W/W],Rated Capacity [W],Rated Efficiency [W/W],Minimum Part Load Ratio,Fuel Type,Parasitic Electric Load [W],Plantloop Name,Plantloop Branch Name
,None,,,,,,,,,,


Cooling Towers and Fluid Coolers

,,Type,Fluid Type,Range [C],Approach [C],Design Fan Power [W],Design Inlet Air Wet-Bulb Temperature [C],Design Water Flow Rate [m3/s],Leaving Water Setpoint Temperature [C],Condenser Loop Name,Condenser Loop Branch Name
,None,,,,,,,,,,


PlantLoop or CondenserLoop

,,Type,Provides Heating,Provides Cooling,Maximum Loop Flow Rate [m3/s],Minimum Loop Flow Rate [m3/s]
,None,,,,,


Air Terminals

,,Zone Name,Minimum Flow [m3/s],Minimum Outdoor Flow [m3/s],Supply Cooling Setpoint [C],Supply Heating Setpoint [C],Heating Capacity [W],Cooling Capacity [W],Type of Input Object,Heat/Reheat Coil Object Type,Chilled Water Coil Object Type,Fan Object Type,Fan Name,Primary Air Flow Rate [m3/s],Secondary Air Flow Rate [m3/s],Minimum Flow Schedule Name,Maximum Flow During Reheat [m3/s],Minimum Outdoor Flow Schedule Name
,None,,,,,,,,,,,,,,,,,


Air Heat Recovery

,,Name,Input object type,Plate/Rotary,Sensible Effectiveness at 100% Heating Air Flow,Sensible Effectiveness at 100% Cooling Air Flow,Latent Effectiveness at 100% Heating Air Flow,Latent Effectiveness at 100% Cooling Air Flow,Exhaust Airflow [kg/s],Outdoor Airflow [kg/s]
,None,,,,,,,,,


----------------------------------------------------------------------------------------------------
REPORT:,HVAC Sizing Summary
FOR:,Entire Facility
Space Sensible Cooling

,,Calculated Design Load [W],User Design Load [W],User Design Load per Area [W/m2],Calculated Design Air Flow [m3/s],User Design Air Flow [m3/s],Design Day Name,Date/Time Of Peak {TIMESTAMP},Thermostat Setpoint Temperature at Peak Load [C],Indoor Temperature at Peak Load [C],Indoor Humidity Ratio at Peak Load [kgWater/kgDryAir],Outdoor Temperature at Peak Load [C],Outdoor Humidity Ratio at Peak Load [kgWater/kgDryAir],Minimum Outdoor Air Flow Rate [m3/s],Heat Gain Rate from DOAS [W]
,None,,,,,,,,,,,,,,
The Design Load is the space sensible load only. It does not include any system effects or ventilation loads.


Zone Sensible Cooling

,,Calculated Design Load [W],User Design Load [W],User Design Load per Area [W/m2],Calculated Design Air Flow [m3/s],User Design Air Flow [m3/s],Design Day Name,Date/Time Of Peak {TIMESTAMP},Thermostat Setpoint Temperature at Peak Load [C],Indoor Temperature at Peak Load [C],Indoor Humidity Ratio at Peak Load [kgWater/kgDryAir],Outdoor Temperature at Peak Load [C],Outdoor Humidity Ratio at Peak Load [kgWater/kgDryAir],Minimum Outdoor Air Flow Rate [m3/s],Heat Gain Rate from DOAS [W]
,None,,,,,,,,,,,,,,
The Design Load is the zone sensible load only. It does not include any system effects or ventilation loads.


Space Sensible Heating

,,Calculated Design Load [W],User Design Load [W],User Design Load per Area [W/m2],Calculated Design Air Flow [m3/s],User Design Air Flow [m3/s],Design Day Name,Date/Time Of Peak {TIMESTAMP},Thermostat Setpoint Temperature at Peak Load [C],Indoor Temperature at Peak Load [C],Indoor Humidity Ratio at Peak Load [kgWater/kgDryAir],Outdoor Temperature at Peak Load [C],Outdoor Humidity Ratio at Peak Load [kgWater/kgDryAir],Minimum Outdoor Air Flow Rate [m3/s],Heat Gain Rate from DOAS [W]
,None,,,,,,,,,,,,,,
The Design Load is the space sensible load only. It does not include any system effects or ventilation loads.


Zone Sensible Heating

,,Calculated Design Load [W],User Design Load [W],User Design Load per Area [W/m2],Calculated Design Air Flow [m3/s],User Design Air Flow [m3/s],Design Day Name,Date/Time Of Peak {TIMESTAMP},Thermostat Setpoint Temperature at Peak Load [C],Indoor Temperature at Peak Load [C],Indoor Humidity Ratio at Peak Load [kgWater/kgDryAir],Outdoor Temperature at Peak Load [C],Outdoor Humidity Ratio at Peak Load [kgWater/kgDryAir],Minimum Outdoor Air Flow Rate [m3/s],Heat Gain Rate from DOAS [W]
,None,,,,,,,,,,,,,,
The Design Load is the zone sensible load only. It does not include any system effects or ventilation loads.


System Design Air Flow Rates

,,Calculated cooling [m3/s],User cooling [m3/s],Calculated heating [m3/s],User heating [m3/s],Adjusted cooling [m3/s],Adjusted heating [m3/s],Adjusted main [m3/s],Calculated Heating Air Flow Ratio [],User Heating Air Flow Ratio []
,None,,,,,,,,,


Plant Loop Coincident Design Fluid Flow Rate Adjustments

,,Previous Design Volume Flow Rate [m3/s],Algorithm Volume Flow Rate [m3/s],Coincident Design Volume Flow Rate [m3/s],Coincident Size Adjusted,Peak Sizing Period Name,Peak Day into Period {TIMESTAMP}[day],Peak Hour Of Day {TIMESTAMP}[hr],Peak Step Start Minute {TIMESTAMP}[min]
,None,,,,,,,,


Coil Sizing Summary

,,Coil Type,HVAC Type,HVAC Name,Coil Final Gross Total Capacity [W],Coil Final Gross Sensible Capacity [W],Coil Final Reference Air Volume Flow Rate [m3/s],Coil Final Reference Plant Fluid Volume Flow Rate [m3/s],Coil U-value Times Area Value [W/K],Design Day Name at Sensible Ideal Loads Peak,Date/Time at Sensible Ideal Loads Peak,Design Day Name at Air Flow Ideal Loads Peak,Date/Time at Air Flow Ideal Loads Peak,Coil Total Capacity at Ideal Loads Peak [W],Coil Sensible Capacity at Ideal Loads Peak [W],Coil Air Volume Flow Rate at Ideal Loads Peak [m3/s],Coil Entering Air Drybulb at Ideal Loads Peak [C],Coil Entering Air Wetbulb at Ideal Loads Peak [C],Coil Entering Air Humidity Ratio at Ideal Loads Peak [kgWater/kgDryAir],Coil Leaving Air Drybulb at Ideal Loads Peak [C],Coil Leaving Air Wetbulb at Ideal Loads Peak [C],Coil Leaving Air Humidity Ratio at Ideal Loads Peak [kgWater/kgDryAir],Outdoor Air Drybulb at Ideal Loads Peak [C],Outdoor Air Humidity Ratio at Ideal Loads Peak [kgWater/kgDryAir],Outdoor Air Wetbulb at Ideal Loads Peak [C],Outdoor Air Flow Percentage at Ideal Loads Peak [%],Zone Air Drybulb at Ideal Loads Peak [C],Zone Air Humidity Ratio at Ideal Loads Peak [kgWater/kgDryAir],Zone Air Relative Humidity at Ideal Loads Peak [%],Zone Sensible Heat Gain at Ideal Loads Peak [W],Zone Latent Heat Gain at Ideal Loads Peak [W],Coil Total Capacity at Rating Conditions [W],Coil Sensible Capacity at Rating Conditions [W]
,None,,,,,,,,,,,,,,,,,,,,,,,,,,,,,,,,


----------------------------------------------------------------------------------------------------
REPORT:,Coil Sizing Details
FOR:,Entire Facility
Coils

,,Coil Type,Coil Location,HVAC Type,HVAC Name,Zone Name(s),System Sizing Method Concurrence,System Sizing Method Capacity,System Sizing Method Air Flow,Autosized Coil Capacity?,Autosized Coil Airflow?,Autosized Coil Water Flow?,OA Pretreated prior to coil inlet?,Coil Final Gross Total Capacity [W],Coil Final Gross Sensible Capacity [W],Coil Final Reference Air Volume Flow Rate [m3/s],Coil Final Reference Plant Fluid Volume Flow Rate [m3/s],Coil U-value Times Area Value [W/K],Terminal Unit Reheat Coil Multiplier,DX Coil Capacity Increase Ratio from Too Low Flow/Capacity Ratio,DX Coil Capacity Decrease Ratio from Too High Flow/Capacity Ratio,Moist Air Heat Capacity [J/kg-K],Dry Air Heat Capacity [J/kg-K],Standard Air Density Adjusted for Elevation [kg/m3],Supply Fan Name for Coil,Supply Fan Type for Coil,Supply Fan Maximum Air Volume Flow Rate [m3/s],Supply Fan Maximum Air Mass Flow Rate [kg/s],Plant Name for Coil,Plant Fluid Specific Heat Capacity [J/kg-K],Plant Fluid Density [kg/m3],Plant Maximum Fluid Mass Flow Rate [kg/s],Plant Design Fluid Return Temperature [C],Plant Design Fluid Supply Temperature [C],Plant Design Fluid Temperature Difference [deltaC],Plant Design Capacity [W],Coil Capacity Percentage of Plant Design Capacity [%],Coil Fluid Flow Rate Percentage of Plant Design Flow Rate [%],Design Day Name at Sensible Ideal Loads Peak,Date/Time at Sensible Ideal Loads Peak,Design Day Name at Total Ideal Loads Peak,Date/Time at Total Ideal Loads Peak,Design Day Name at Air Flow Ideal Loads Peak,Date/Time at Air Flow Ideal Loads Peak,Peak Load Type to Size On,Coil Total Capacity at Ideal Loads Peak [W],Coil Sensible Capacity at Ideal Loads Peak [W],Coil Off-Rating Capacity Modifier at Ideal Loads Peak [ ],Coil Air Mass Flow Rate at Ideal Loads Peak [kg/s],Coil Air Volume Flow Rate at Ideal Loads Peak [m3/s],Coil Entering Air Drybulb at Ideal Loads Peak [C],Coil Entering Air Wetbulb at Ideal Loads Peak [C],Coil Entering Air Humidity Ratio at Ideal Loads Peak [kgWater/kgDryAir],Coil Entering Air Enthalpy at Ideal Loads Peak [J/KG-K],Coil Leaving Air Drybulb at Ideal Loads Peak [C],Coil Leaving Air Wetbulb at Ideal Loads Peak [C],Coil Leaving Air Humidity Ratio at Ideal Loads Peak [kgWater/kgDryAir],Coil Leaving Air Enthalpy at Ideal Loads Peak [J/KG-K],Coil Plant Fluid Mass Flow Rate at Ideal Loads Peak [kg/s],Coil Entering Plant Fluid Temperature at Ideal Loads Peak [C],Coil Leaving Plant Fluid Temperature at Ideal Loads Peak [C],Coil Plant Fluid Temperature Difference at Ideal Loads Peak [deltaC],Supply Fan Air Heat Gain at Ideal Loads Peak [W],Coil and Fan Net Total Capacity at Ideal Loads Peak [W],Outdoor Air Drybulb at Ideal Loads Peak [C],Outdoor Air Humidity Ratio at Ideal Loads Peak [kgWater/kgDryAir],Outdoor Air Wetbulb at Ideal Loads Peak [C],Outdoor Air Volume Flow Rate at Ideal Loads Peak [m3/s],Outdoor Air Flow Percentage at Ideal Loads Peak [%],System Return Air Drybulb at Ideal Loads Peak [C],System Return Air Humidity Ratio at Ideal Loads Peak [kgWater/kgDryAir],Zone Air Drybulb at Ideal Loads Peak [C],Zone Air Humidity Ratio at Ideal Loads Peak [kgWater/kgDryAir],Zone Air Relative Humidity at Ideal Loads Peak [%],Zone Sensible Heat Gain at Ideal Loads Peak [W],Zone Latent Heat Gain at Ideal Loads Peak [W],Coil Total Capacity at Rating Conditions [W],Coil Sensible Capacity at Rating Conditions [W],Coil Air Mass Flow Rate at Rating Conditions [kg/s],Coil Entering Air Drybulb at Rating Conditions [C],Coil Entering Air Wetbulb at Rating Conditions [C],Coil Entering Air Humidity Ratio at Rating Conditions [kgWater/kgDryAir],Coil Entering Air Enthalpy at Rating Conditions [J/KG-K],Coil Leaving Air Drybulb at Rating Conditions [C],Coil Leaving Air Wetbulb at Rating Conditions [C],Coil Leaving Air Humidity Ratio at Rating Conditions [kgWater/kgDryAir],Coil Leaving Air Enthalpy at Rating Conditions [J/KG-K]
,None,,,,,,,,,,,,,,,,,,,,,,,,,,,,,,,,,,,,,,,,,,,,,,,,,,,,,,,,,,,,,,,,,,,,,,,,,,,,,,,,,,,,,,


Coil Connections

,,Coil Name,Coil Type,Coil Location,HVAC Type,HVAC Name,Zone Name(s),Supply Fan Name for HVAC,Supply Fan Type for HVAC,Airloop Name,Plant Name for Coil,Plant Loop Name
,None,,,,,,,,,,,


----------------------------------------------------------------------------------------------------
REPORT:,System Summary
FOR:,Entire Facility
Economizer

,,High Limit Shutoff Control,Minimum Outdoor Air [m3/s],Maximum Outdoor Air [m3/s],Return Air Temp Limit,Return Air Enthalpy Limit,Outdoor Air Temperature Limit [C],Outdoor Air Enthalpy Limit [C]
,None,,,,,,,


Demand Controlled Ventilation using Controller:MechanicalVentilation

,,Controller:MechanicalVentilation Name,Outdoor Air Per Person [m3/s-person],Outdoor Air Per Area [m3/s-m2],Outdoor Air Per Zone [m3/s],Outdoor Air ACH [ach],Outdoor Air Method,Outdoor Air Schedule Name,Air Distribution Effectiveness in Cooling Mode,Air Distribution Effectiveness in Heating Mode,Air Distribution Effectiveness Schedule Name,Type
,None,,,,,,,,,,,


Time Not Comfortable Based on Simple ASHRAE 55-2004

,,Winter Clothes [hr],Summer Clothes [hr],Summer or Winter Clothes [hr]
,BUILDING_ZONE_1,4137.25,4151.25,4130.50
,BUILDING_ZONE_2,4136.50,4150.75,4129.50
,BUILDING_ZONE_3,4129.50,4144.75,4116.25
,Facility,4149.00,4158.00,4140.00
Aggregated over the RunPeriods for Weather


Time Setpoint Not Met

,,During Heating [hr],During Cooling [hr],During Occupied Heating [hr],During Occupied Cooling [hr]
,BUILDING_ZONE_1,0.00,0.00,0.00,0.00
,BUILDING_ZONE_2,0.00,0.00,0.00,0.00
,BUILDING_ZONE_3,0.00,0.00,0.00,0.00
,Facility,0.00,0.00,0.00,0.00
Aggregated over the RunPeriods for Weather


Thermostat Schedules

,,Thermostat Name 1,Control Type Schedule,Control Type,Control Type Name,Heating Schedule,Cooling Schedule
,None,,,,,,


----------------------------------------------------------------------------------------------------
REPORT:,HVAC Topology
FOR:,Entire Facility
Air Loop Supply Side Component Arrangement

,,Airloop Name,Splitter Name,Supply Branch Name,Supply Branch Type,Component Type,Component Name,Sub-Component Type,Sub-Component Name,Sub-Sub-Component Type,Sub-Sub-Component Name,Mixer Name
,None,,,,,,,,,,,


Air Loop Demand Side Component Arrangement

,,Airloop Name,Supply Branch Name,Supply Branch Type,Supply Path Component Type,Supply Path Component Name,Terminal Unit Type,Terminal Unit Name,Zone Name,Return Path Component Type,Return Path Component Name
,None,,,,,,,,,,


Zone Equipment Component Arrangement

,,Zone Name,Component Type,Component Name,Sub-Component Type,Sub-Component Name,Sub-Sub-Component Type,Sub-Sub-Component Name
,1,BUILDING_ZONE_1,,,,,,
,2,BUILDING_ZONE_2,,,,,,
,3,BUILDING_ZONE_3,,,,,,


Plant Loop Component Arrangement

,,Loop Type,Loop Name,Side,Splitter Name,Branch Name,Component Type,Component Name,Mixer Name
,None,,,,,,,,


----------------------------------------------------------------------------------------------------
REPORT:,Outdoor Air Summary
FOR:,Entire Facility
Average Outdoor Air During Occupied Hours

,,Average Number of Occupants,Nominal Number of Occupants,Zone Volume [m3],Mechanical Ventilation [ach],Infiltration [ach],AFN Infiltration [ach],Simple Ventilation [ach]
,None,,,,,,,
Values shown for a single zone without multipliers


Minimum Outdoor Air During Occupied Hours

,,Average Number of Occupants,Nominal Number of Occupants,Zone Volume [m3],Mechanical Ventilation [ach],Infiltration [ach],AFN Infiltration [ach],Simple Ventilation [ach]
,None,,,,,,,
Values shown for a single zone without multipliers


----------------------------------------------------------------------------------------------------
REPORT:,Outdoor Air Details
FOR:,Entire Facility
Mechanical Ventilation Parameters by Zone

,,AirLoop Name,Average Number of Occupants,Nominal Number of Occupants,Zone Volume [m3],Zone Area [m2],Design Zone Outdoor Airflow - Voz [m3/s],Minimum Dynamic Target Ventilation - Voz-dyn-min [m3/s]
,Total Facility,,0.00,0.00,0.00,0.00,0.0000,0.000


Total Outdoor Air by Zone

,,Mechanical Ventilation [m3],Natural Ventilation [m3],Total Ventilation [m3],Infiltration [m3],Total Ventilation and Infiltration [m3],Dynamic Target Ventilation - Voz-dyn [m3],Time Below Voz-dyn [hr],Time At Voz-dyn [hr],Time Above Voz-dyn [hr],Time Above Zero When Unoccupied [hr]
,Total Facility,0.00,0.00,0.00,0.00,0.00,0.00,0.00,0.00,0.00,0.00


Average Outdoor Air During Occupancy by Zone - Flow Rates

,,Mechanical Ventilation [m3/s],Natural Ventilation [m3/s],Total Ventilation [m3/s],Infiltration [m3/s],Total Ventilation and Infiltration [m3/s],Dynamic Target Ventilation - Voz-dyn [m3/s],Time Below Voz-dyn [hr],Time At Voz-dyn [hr],Time Above Voz-dyn [hr]
,Total Facility,0.0000,0.0000,0.0000,0.0000,0.0000,0.0000,0.00,0.00,0.00


Total Outdoor Air by AirLoop

,,Mechanical Ventilation [m3],Natural Ventilation [m3],Total Ventilation [m3],Sum Zone Dynamic Target Ventilation - Voz-sum-dyn [m3],Time Below Voz-sum-dyn [hr],Time At Voz-sum-dyn [hr],Time Above Voz-sum-dyn [hr],Time Above Zero When Unoccupied [hr]
,None,,,,,,,,


Average Outdoor Air During Occupancy by AirLoop

,,Mechanical Ventilation [m3/s],Natural Ventilation [m3/s],Total Ventilation [m3/s],Sum Zone Dynamic Target Ventilation - Voz-sum-dyn [m3/s],Time Below Voz-sum-dyn [hr],Time At Voz-sum-dyn [hr],Time Above Voz-sum-dyn [hr]
,None,,,,,,,


Outdoor Air Controller Limiting Factors by AirLoop

,,No Limiting Factor [hr],Limits and Scheduled Limits [hr],Economizer [hr],Exhaust Flow [hr],Mixed Air Flow [hr],High Humidity [hr],Demand Controlled Ventilation [hr],Night Ventilation [hr],Demand Limiting [hr],Energy Management System [hr]
,None,,,,,,,,,,


Average Outdoor Air for Limiting Factors During Occupancy

,,No Limiting Factor [m3/s],Limits and Scheduled Limits [m3/s],Economizer [m3/s],Exhaust Flow [m3/s],Mixed Air Flow [m3/s],High Humidity [m3/s],Demand Controlled Ventilation [m3/s],Night Ventilation [m3/s],Demand Limiting [m3/s],Energy Management System [m3/s]
,None,,,,,,,,,,


----------------------------------------------------------------------------------------------------
REPORT:,Object Count Summary
FOR:,Entire Facility
Surfaces by Class

,,Total,Outdoors
,Wall,12,12
,Floor,3,3
,Roof,3,3
,Internal Mass,0,0
,Building Detached Shading,0,0
,Fixed Detached Shading,0,0
,Window,12,12
,Door,0,0
,Glass Door,0,0
,Shading,0,0
,Overhang,0,0
,Fin,0,0
,Tubular Daylighting Device Dome,0,0
,Tubular Daylighting Device Diffuser,0,0


HVAC

,,Count
,HVAC Air Loops,0
,Conditioned Zones,0
,Unconditioned Zones,3
,Supply Plenums,0
,Return Plenums,0


Input Fields

,,Count
,IDF Objects,73
,Defaulted Fields,86
,Fields with Defaults,317
,Autosized Fields,0
,Autosizable Fields,12
,Autocalculated Fields,33
,Autocalculatable Fields,72


----------------------------------------------------------------------------------------------------
REPORT:,Energy Meters
FOR:,Entire Facility
Annual and Peak Values - Electricity

,,Electricity Annual Value [GJ],Electricity Minimum Value [W],Timestamp of Minimum {TIMESTAMP},Electricity Maximum Value [W],Timestamp of Maximum {TIMESTAMP}
,Electricity:Facility,0.00,0.00,01-JAN-00:15,0.00,01-JAN-00:15
,Electricity:Building,0.00,0.00,01-JAN-00:15,0.00,01-JAN-00:15
,Electricity:Zone:BUILDING_ZONE_1,0.00,0.00,01-JAN-00:15,0.00,01-JAN-00:15
,Electricity:SpaceType:GENERAL,0.00,0.00,01-JAN-00:15,0.00,01-JAN-00:15
,InteriorLights:Electricity,0.00,0.00,01-JAN-00:15,0.00,01-JAN-00:15
,InteriorLights:Electricity:Zone:BUILDING_ZONE_1,0.00,0.00,01-JAN-00:15,0.00,01-JAN-00:15
,InteriorLights:Electricity:SpaceType:GENERAL,0.00,0.00,01-JAN-00:15,0.00,01-JAN-00:15
,GeneralLights:InteriorLights:Electricity,0.00,0.00,01-JAN-00:15,0.00,01-JAN-00:15
,GeneralLights:InteriorLights:Electricity:Zone:BUILDING_ZONE_1,0.00,0.00,01-JAN-00:15,0.00,01-JAN-00:15
,GeneralLights:InteriorLights:Electricity:SpaceType:GENERAL,0.00,0.00,01-JAN-00:15,0.00,01-JAN-00:15
,Electricity:Zone:BUILDING_ZONE_2,0.00,0.00,01-JAN-00:15,0.00,01-JAN-00:15
,InteriorLights:Electricity:Zone:BUILDING_ZONE_2,0.00,0.00,01-JAN-00:15,0.00,01-JAN-00:15
,GeneralLights:InteriorLights:Electricity:Zone:BUILDING_ZONE_2,0.00,0.00,01-JAN-00:15,0.00,01-JAN-00:15
,Electricity:Zone:BUILDING_ZONE_3,0.00,0.00,01-JAN-00:15,0.00,01-JAN-00:15
,InteriorLights:Electricity:Zone:BUILDING_ZONE_3,0.00,0.00,01-JAN-00:15,0.00,01-JAN-00:15
,GeneralLights:InteriorLights:Electricity:Zone:BUILDING_ZONE_3,0.00,0.00,01-JAN-00:15,0.00,01-JAN-00:15
,InteriorEquipment:Electricity,0.00,0.00,01-JAN-00:15,0.00,01-JAN-00:15
,InteriorEquipment:Electricity:Zone:BUILDING_ZONE_1,0.00,0.00,01-JAN-00:15,0.00,01-JAN-00:15
,InteriorEquipment:Electricity:SpaceType:GENERAL,0.00,0.00,01-JAN-00:15,0.00,01-JAN-00:15
,General:InteriorEquipment:Electricity,0.00,0.00,01-JAN-00:15,0.00,01-JAN-00:15
,General:InteriorEquipment:Electricity:Zone:BUILDING_ZONE_1,0.00,0.00,01-JAN-00:15,0.00,01-JAN-00:15
,General:InteriorEquipment:Electricity:SpaceType:GENERAL,0.00,0.00,01-JAN-00:15,0.00,01-JAN-00:15
,InteriorEquipment:Electricity:Zone:BUILDING_ZONE_2,0.00,0.00,01-JAN-00:15,0.00,01-JAN-00:15
,General:InteriorEquipment:Electricity:Zone:BUILDING_ZONE_2,0.00,0.00,01-JAN-00:15,0.00,01-JAN-00:15
,InteriorEquipment:Electricity:Zone:BUILDING_ZONE_3,0.00,0.00,01-JAN-00:15,0.00,01-JAN-00:15
,General:InteriorEquipment:Electricity:Zone:BUILDING_ZONE_3,0.00,0.00,01-JAN-00:15,0.00,01-JAN-00:15
,ElectricityPurchased:Facility,0.00,0.00,01-JAN-00:15,0.00,01-JAN-00:15
,ElectricityPurchased:Plant,0.00,0.00,01-JAN-00:15,0.00,01-JAN-00:15
,Cogeneration:ElectricityPurchased,0.00,0.00,01-JAN-00:15,0.00,01-JAN-00:15
,General:Cogeneration:ElectricityPurchased,0.00,0.00,01-JAN-00:15,0.00,01-JAN-00:15
,ElectricitySurplusSold:Facility,0.00,0.00,01-JAN-00:15,0.00,01-JAN-00:15
,ElectricitySurplusSold:Plant,0.00,0.00,01-JAN-00:15,0.00,01-JAN-00:15
,Cogeneration:ElectricitySurplusSold,0.00,0.00,01-JAN-00:15,0.00,01-JAN-00:15
,General:Cogeneration:ElectricitySurplusSold,0.00,0.00,01-JAN-00:15,0.00,01-JAN-00:15
,ElectricityNet:Facility,0.00,0.00,01-JAN-00:15,0.00,01-JAN-00:15
,ElectricityNet:Plant,0.00,0.00,01-JAN-00:15,0.00,01-JAN-00:15
,Cogeneration:ElectricityNet,0.00,0.00,01-JAN-00:15,0.00,01-JAN-00:15
,General:Cogeneration:ElectricityNet,0.00,0.00,01-JAN-00:15,0.00,01-JAN-00:15
Values shown are for all completed run periods - including any simulations run during sizing periods


Annual and Peak Values - Natural Gas

,,Natural Gas Annual Value [GJ],Natural Gas Minimum Value [W],Timestamp of Minimum {TIMESTAMP},Natural Gas Maximum Value [W],Timestamp of Maximum {TIMESTAMP}
,None,,,,,
Values shown are for all completed run periods - including any simulations run during sizing periods


Annual and Peak Values - Cooling

,,Cooling Annual Value [GJ],Cooling Minimum Value [W],Timestamp of Minimum {TIMESTAMP},Cooling Maximum Value [W],Timestamp of Maximum {TIMESTAMP}
,None,,,,,
Values shown are for all completed run periods - including any simulations run during sizing periods


Annual and Peak Values - Water

,,Annual Value [m3],Minimum Value [m3/s],Timestamp of Minimum {TIMESTAMP},Maximum Value [m3/s],Timestamp of Maximum {TIMESTAMP}
,None,,,,,
Values shown are for all completed run periods - including any simulations run during sizing periods


Annual and Peak Values - Other by Weight/Mass

,,Annual Value [kg],Minimum Value [kg/s],Timestamp of Minimum {TIMESTAMP},Maximum Value [kg/s],Timestamp of Maximum {TIMESTAMP}
,Carbon Equivalent:Facility,0.00,0.000,01-JAN-00:15,0.000,01-JAN-00:15
,CarbonEquivalentEmissions:Carbon Equivalent,0.00,0.000,01-JAN-00:15,0.000,01-JAN-00:15
Values shown are for all completed run periods - including any simulations run during sizing periods


Annual and Peak Values - Other Volumetric

,,Annual Value [m3],Minimum Value [m3/s],Timestamp of Minimum {TIMESTAMP},Maximum Value [m3/s],Timestamp of Maximum {TIMESTAMP}
,None,,,,,
Values shown are for all completed run periods - including any simulations run during sizing periods


Annual and Peak Values - Other Liquid/Gas

,,Annual Value [L],Minimum Value [L],Timestamp of Minimum {TIMESTAMP},Maximum Value [L],Timestamp of Maximum {TIMESTAMP}
,None,,,,,
Values shown are for all completed run periods - including any simulations run during sizing periods


Annual and Peak Values - Other

,,Annual Value [GJ],Minimum Value [W],Timestamp of Minimum {TIMESTAMP},Maximum Value [W],Timestamp of Maximum {TIMESTAMP}
,EnergyTransfer:Facility,0.00,0.00,01-JAN-00:15,0.00,01-JAN-00:15
,EnergyTransfer:Building,0.00,0.00,01-JAN-00:15,0.00,01-JAN-00:15
,EnergyTransfer:Zone:BUILDING_ZONE_1,0.00,0.00,01-JAN-00:15,0.00,01-JAN-00:15
,Heating:EnergyTransfer,0.00,0.00,01-JAN-00:15,0.00,01-JAN-00:15
,Heating:EnergyTransfer:Zone:BUILDING_ZONE_1,0.00,0.00,01-JAN-00:15,0.00,01-JAN-00:15
,General:Heating:EnergyTransfer,0.00,0.00,01-JAN-00:15,0.00,01-JAN-00:15
,General:Heating:EnergyTransfer:Zone:BUILDING_ZONE_1,0.00,0.00,01-JAN-00:15,0.00,01-JAN-00:15
,Cooling:EnergyTransfer,0.00,0.00,01-JAN-00:15,0.00,01-JAN-00:15
,Cooling:EnergyTransfer:Zone:BUILDING_ZONE_1,0.00,0.00,01-JAN-00:15,0.00,01-JAN-00:15
,General:Cooling:EnergyTransfer,0.00,0.00,01-JAN-00:15,0.00,01-JAN-00:15
,General:Cooling:EnergyTransfer:Zone:BUILDING_ZONE_1,0.00,0.00,01-JAN-00:15,0.00,01-JAN-00:15
,EnergyTransfer:Zone:BUILDING_ZONE_2,0.00,0.00,01-JAN-00:15,0.00,01-JAN-00:15
,Heating:EnergyTransfer:Zone:BUILDING_ZONE_2,0.00,0.00,01-JAN-00:15,0.00,01-JAN-00:15
,General:Heating:EnergyTransfer:Zone:BUILDING_ZONE_2,0.00,0.00,01-JAN-00:15,0.00,01-JAN-00:15
,Cooling:EnergyTransfer:Zone:BUILDING_ZONE_2,0.00,0.00,01-JAN-00:15,0.00,01-JAN-00:15
,General:Cooling:EnergyTransfer:Zone:BUILDING_ZONE_2,0.00,0.00,01-JAN-00:15,0.00,01-JAN-00:15
,EnergyTransfer:Zone:BUILDING_ZONE_3,0.00,0.00,01-JAN-00:15,0.00,01-JAN-00:15
,Heating:EnergyTransfer:Zone:BUILDING_ZONE_3,0.00,0.00,01-JAN-00:15,0.00,01-JAN-00:15
,General:Heating:EnergyTransfer:Zone:BUILDING_ZONE_3,0.00,0.00,01-JAN-00:15,0.00,01-JAN-00:15
,Cooling:EnergyTransfer:Zone:BUILDING_ZONE_3,0.00,0.00,01-JAN-00:15,0.00,01-JAN-00:15
,General:Cooling:EnergyTransfer:Zone:BUILDING_ZONE_3,0.00,0.00,01-JAN-00:15,0.00,01-JAN-00:15
Values shown are for all completed run periods - including any simulations run during sizing periods


----------------------------------------------------------------------------------------------------
REPORT:,Sensible Heat Gain Summary
FOR:,Entire Facility
Annual Building Sensible Heat Gain Components

,,HVAC Zone Eq & Other Sensible Air Heating [GJ],HVAC Zone Eq & Other Sensible Air Cooling [GJ],HVAC Terminal Unit Sensible Air Heating [GJ],HVAC Terminal Unit Sensible Air Cooling [GJ],HVAC Input Heated Surface Heating [GJ],HVAC Input Cooled Surface Cooling [GJ],People Sensible Heat Addition [GJ],Lights Sensible Heat Addition [GJ],Equipment Sensible Heat Addition [GJ],Window Heat Addition [GJ],Interzone Air Transfer Heat Addition [GJ],Infiltration Heat Addition [GJ],Opaque Surface Conduction and Other Heat Addition [GJ],Equipment Sensible Heat Removal [GJ],Window Heat Removal [GJ],Interzone Air Transfer Heat Removal [GJ],Infiltration Heat Removal [GJ],Opaque Surface Conduction and Other Heat Removal [GJ]
,BUILDING_ZONE_1,0.000,0.000,0.000,0.000,0.000,0.000,0.000,0.000,0.000,139.433,0.000,0.000,0.002,0.000,-22.974,0.000,0.000,-116.459
,BUILDING_ZONE_2,0.000,0.000,0.000,0.000,0.000,0.000,0.000,0.000,0.000,138.541,0.000,0.000,0.002,0.000,-22.105,0.000,0.000,-116.436
,BUILDING_ZONE_3,0.000,0.000,0.000,0.000,0.000,0.000,0.000,0.000,0.000,120.322,0.000,0.000,0.001,0.000,-17.646,0.000,0.000,-102.676
,Total Facility,0.000,0.000,0.000,0.000,0.000,0.000,0.000,0.000,0.000,398.297,0.000,0.000,0.005,0.000,-62.725,0.000,0.000,-335.571


Peak Cooling Sensible Heat Gain Components

,,Time of Peak {TIMESTAMP},HVAC Zone Eq & Other Sensible Air Heating [W],HVAC Zone Eq & Other Sensible Air Cooling [W],HVAC Terminal Unit Sensible Air Heating [W],HVAC Terminal Unit Sensible Air Cooling [W],HVAC Input Heated Surface Heating [W],HVAC Input Cooled Surface Cooling [W],People Sensible Heat Addition [W],Lights Sensible Heat Addition [W],Equipment Sensible Heat Addition [W],Window Heat Addition [W],Interzone Air Transfer Heat Addition [W],Infiltration Heat Addition [W],Opaque Surface Conduction and Other Heat Addition [W],Equipment Sensible Heat Removal [W],Window Heat Removal [W],Interzone Air Transfer Heat Removal [W],Infiltration Heat Removal [W],Opaque Surface Conduction and Other Heat Removal [W]
,BUILDING_ZONE_1,-,0.00,0.00,0.00,0.00,0.00,0.00,0.00,0.00,0.00,0.00,0.00,0.00,0.00,0.00,0.00,0.00,0.00,0.00
,BUILDING_ZONE_2,-,0.00,0.00,0.00,0.00,0.00,0.00,0.00,0.00,0.00,0.00,0.00,0.00,0.00,0.00,0.00,0.00,0.00,0.00
,BUILDING_ZONE_3,-,0.00,0.00,0.00,0.00,0.00,0.00,0.00,0.00,0.00,0.00,0.00,0.00,0.00,0.00,0.00,0.00,0.00,0.00
,Total Facility,-,0.00,0.00,0.00,0.00,0.00,0.00,0.00,0.00,0.00,0.00,0.00,0.00,0.00,0.00,0.00,0.00,0.00,0.00


Peak Heating Sensible Heat Gain Components

,,Time of Peak {TIMESTAMP},HVAC Zone Eq & Other Sensible Air Heating [W],HVAC Zone Eq & Other Sensible Air Cooling [W],HVAC Terminal Unit Sensible Air Heating [W],HVAC Terminal Unit Sensible Air Cooling [W],HVAC Input Heated Surface Heating [W],HVAC Input Cooled Surface Cooling [W],People Sensible Heat Addition [W],Lights Sensible Heat Addition [W],Equipment Sensible Heat Addition [W],Window Heat Addition [W],Interzone Air Transfer Heat Addition [W],Infiltration Heat Addition [W],Opaque Surface Conduction and Other Heat Addition [W],Equipment Sensible Heat Removal [W],Window Heat Removal [W],Interzone Air Transfer Heat Removal [W],Infiltration Heat Removal [W],Opaque Surface Conduction and Other Heat Removal [W]
,BUILDING_ZONE_1,-,0.00,0.00,0.00,0.00,0.00,0.00,0.00,0.00,0.00,0.00,0.00,0.00,0.00,0.00,0.00,0.00,0.00,0.00
,BUILDING_ZONE_2,-,0.00,0.00,0.00,0.00,0.00,0.00,0.00,0.00,0.00,0.00,0.00,0.00,0.00,0.00,0.00,0.00,0.00,0.00
,BUILDING_ZONE_3,-,0.00,0.00,0.00,0.00,0.00,0.00,0.00,0.00,0.00,0.00,0.00,0.00,0.00,0.00,0.00,0.00,0.00,0.00
,Total Facility,-,0.00,0.00,0.00,0.00,0.00,0.00,0.00,0.00,0.00,0.00,0.00,0.00,0.00,0.00,0.00,0.00,0.00,0.00


----------------------------------------------------------------------------------------------------
REPORT:,LEED Summary
FOR:,Entire Facility
Sec1.1A-General Information

,,Data
,Cooling Degree Days,1743
,Heating Degree Days,3430
,HDD and CDD data source,Weather File Stat
,Climate Zone,5A
,Weather File,YEAR ROUND RUN PERIOD ** Chicago Ohare Intl Ap IL USA TMY3 WMO#=725300
,Total gross floor area [m2],4500.00


EAp2-1. Space Usage Type

,,Space Area [m2],Regularly Occupied Area [m2],Unconditioned Area [m2],Typical Hours/Week in Operation [hr/wk]
,BUILDING_ZONE_1,1500.00,0.00,1500.00,79.78
,BUILDING_ZONE_2,1500.00,0.00,1500.00,79.78
,BUILDING_ZONE_3,1500.00,0.00,1500.00,79.78
,Totals,4500.00,0.00,4500.00,


EAp2-2. Advisory Messages

,,Data
,Number of hours heating loads not met,0.00
,Number of hours cooling loads not met,0.00
,Number of hours not met,0.00


EAp2-3. Energy Type Summary

,,Utility Rate,Virtual Rate [$/unit energy],Units of Energy,Units of Demand
,None,,,,


EAp2-4/5. Performance Rating Method Compliance

,,Electricity Energy Use [GJ],Electricity Demand [W],Natural Gas Energy Use [GJ],Natural Gas Demand [W],Gasoline Use [GJ],Gasoline Demand [W],Diesel Use [GJ],Diesel Demand [W],Coal Use [GJ],Coal Demand [W],Fuel Oil No 1 Use [GJ],Fuel Oil No 1 Demand [W],Fuel Oil No 2 Use [GJ],Fuel Oil No 2 Demand [W],Propane Use [GJ],Propane Demand [W],Other Fuel 1 Use [GJ],Other Fuel 1 Demand [W],Other Fuel 2 Use [GJ],Other Fuel 2 Demand [W],District Cooling Use [GJ],District Cooling Demand [W],District Heating Water Use [GJ],District Heating Water Demand [W],District Heating Steam Use [GJ],District Heating Steam Demand [W]
,Heating -- General,0.00,0.00,0.00,0.00,0.00,0.00,0.00,0.00,0.00,0.00,0.00,0.00,0.00,0.00,0.00,0.00,0.00,0.00,0.00,0.00,0.00,0.00,0.00,0.00,0.00,0.00
,Cooling -- General,0.00,0.00,0.00,0.00,0.00,0.00,0.00,0.00,0.00,0.00,0.00,0.00,0.00,0.00,0.00,0.00,0.00,0.00,0.00,0.00,0.00,0.00,0.00,0.00,0.00,0.00
,Interior Lighting -- GeneralLights,0.00,0.00,0.00,0.00,0.00,0.00,0.00,0.00,0.00,0.00,0.00,0.00,0.00,0.00,0.00,0.00,0.00,0.00,0.00,0.00,0.00,0.00,0.00,0.00,0.00,0.00
,Exterior Lighting -- Not Subdivided,0.00,0.00,0.00,0.00,0.00,0.00,0.00,0.00,0.00,0.00,0.00,0.00,0.00,0.00,0.00,0.00,0.00,0.00,0.00,0.00,0.00,0.00,0.00,0.00,0.00,0.00
,Interior Equipment -- General,0.00,0.00,0.00,0.00,0.00,0.00,0.00,0.00,0.00,0.00,0.00,0.00,0.00,0.00,0.00,0.00,0.00,0.00,0.00,0.00,0.00,0.00,0.00,0.00,0.00,0.00
,Exterior Equipment -- Not Subdivided,0.00,0.00,0.00,0.00,0.00,0.00,0.00,0.00,0.00,0.00,0.00,0.00,0.00,0.00,0.00,0.00,0.00,0.00,0.00,0.00,0.00,0.00,0.00,0.00,0.00,0.00
,Fans -- Not Subdivided,0.00,0.00,0.00,0.00,0.00,0.00,0.00,0.00,0.00,0.00,0.00,0.00,0.00,0.00,0.00,0.00,0.00,0.00,0.00,0.00,0.00,0.00,0.00,0.00,0.00,0.00
,Pumps -- Not Subdivided,0.00,0.00,0.00,0.00,0.00,0.00,0.00,0.00,0.00,0.00,0.00,0.00,0.00,0.00,0.00,0.00,0.00,0.00,0.00,0.00,0.00,0.00,0.00,0.00,0.00,0.00
,Heat Rejection -- Not Subdivided,0.00,0.00,0.00,0.00,0.00,0.00,0.00,0.00,0.00,0.00,0.00,0.00,0.00,0.00,0.00,0.00,0.00,0.00,0.00,0.00,0.00,0.00,0.00,0.00,0.00,0.00
,Humidification -- Not Subdivided,0.00,0.00,0.00,0.00,0.00,0.00,0.00,0.00,0.00,0.00,0.00,0.00,0.00,0.00,0.00,0.00,0.00,0.00,0.00,0.00,0.00,0.00,0.00,0.00,0.00,0.00
,Heat Recovery -- Not Subdivided,0.00,0.00,0.00,0.00,0.00,0.00,0.00,0.00,0.00,0.00,0.00,0.00,0.00,0.00,0.00,0.00,0.00,0.00,0.00,0.00,0.00,0.00,0.00,0.00,0.00,0.00
,Water Systems -- Not Subdivided,0.00,0.00,0.00,0.00,0.00,0.00,0.00,0.00,0.00,0.00,0.00,0.00,0.00,0.00,0.00,0.00,0.00,0.00,0.00,0.00,0.00,0.00,0.00,0.00,0.00,0.00
,Refrigeration -- Not Subdivided,0.00,0.00,0.00,0.00,0.00,0.00,0.00,0.00,0.00,0.00,0.00,0.00,0.00,0.00,0.00,0.00,0.00,0.00,0.00,0.00,0.00,0.00,0.00,0.00,0.00,0.00
,Generators -- General,0.00,0.00,0.00,0.00,0.00,0.00,0.00,0.00,0.00,0.00,0.00,0.00,0.00,0.00,0.00,0.00,0.00,0.00,0.00,0.00,0.00,0.00,0.00,0.00,0.00,0.00


EAp2-6. Energy Use Summary

,,Process Subtotal [GJ],Total Energy Use [GJ]
,Electricity,0.00,0.00
,Natural Gas,0.00,0.00
,Additional,0.00,0.00
,Total,0.00,0.00


EAp2-7. Energy Cost Summary

,,Process Subtotal [$],Total Energy Cost [$]
,Electricity,0.00,
,Natural Gas,0.00,
,Additional,0.00,
,Total,0.00,
Process energy cost based on ratio of process to total energy.


L-1. Renewable Energy Source Summary

,,Rated Capacity [kW],Annual Energy Generated [GJ]
,Photovoltaic,0.00,0.00
,Wind,0.00,0.00


EAp2-17a. Energy Use Intensity - Electricity

,,Electricty [MJ/m2]
,Interior Lighting (All),0.00
,Space Heating,0.00
,Space Cooling,0.00
,Fans (All),0.00
,Service Water Heating,0.00
,Receptacle Equipment,0.00
,Miscellaneous (All),0.00
,Subtotal,0.00


EAp2-17b. Energy Use Intensity - Natural Gas

,,Natural Gas [MJ/m2]
,Space Heating,0.00
,Service Water Heating,0.00
,Miscellaneous (All),0.00
,Subtotal,0.00


EAp2-17c. Energy Use Intensity - Additional

,,Additional [MJ/m2]
,Subtotal,0.00
,Miscellaneous,0.00


EAp2-18. End Use Percentage

,,Percent [%]
,None,


Schedules-Equivalent Full Load Hours (Schedule Type=Fraction)

,,Equivalent Full Load Hours of Operation Per Year [hr],Hours > 1% [hr]
,PEOPLE OCCUPANCY SCHEDULE,4160.,4160.
,LIGHTING SCHEDULE,5475.,8760.
,EQUIPMENT SCHEDULE,3216.,8760.


Schedules-SetPoints (Schedule Type=Temperature)

,,First Object Used,Month Assumed,11am First Wednesday [C],Days with Same 11am Value,11pm First Wednesday [C],Days with Same 11pm Value
,None,,,,,,


----------------------------------------------------------------------------------------------------
REPORT:,Annual CO2 Resilience Summary
FOR:,Entire Facility
CO2 Level Hours

,,Safe (<= 1000 ppm) [hr],Caution (> 1000, <= 5000 ppm) [hr],Hazard (> 5000 ppm) [hr]
,None,,,


CO2 Level OccupantHours

,,Safe (<= 1000 ppm) [hr],Caution (> 1000, <= 5000 ppm) [hr],Hazard (> 5000 ppm) [hr]
,None,,,


CO2 Level OccupiedHours

,,Safe (<= 1000 ppm) [hr],Caution (> 1000, <= 5000 ppm) [hr],Hazard (> 5000 ppm) [hr]
,None,,,


----------------------------------------------------------------------------------------------------
REPORT:,Annual Visual Resilience Summary
FOR:,Entire Facility
Illuminance Level Hours

,,A Bit Dark (<= 100 lux) [hr],Dim (> 100, <= 300 lux) [hr],Adequate (> 300, <= 500 lux) [hr],Bright (>500 lux) [hr]
,None,,,,


Illuminance Level OccupantHours

,,A Bit Dark (<= 100 lux) [hr],Dim (> 100, <= 300 lux) [hr],Adequate (> 300, <= 500 lux) [hr],Bright (>500 lux) [hr]
,None,,,,


Illuminance Level OccupiedHours

,,A Bit Dark (<= 100 lux) [hr],Dim (> 100, <= 300 lux) [hr],Adequate (> 300, <= 500 lux) [hr],Bright (>500 lux) [hr]
,None,,,,


